ville,avg_actual,avg_pred,avg_gap,avg_gap_pct,count
Carthage,5449.557427258806,3270.371875137868,2179.1855521209386,-15.242697117558027,1306
Hammamet,131001.47960108794,121768.05868150387,9233.420919584067,-15.023771757395794,1103
Marsa,2442.390566037736,2249.9792904567053,192.4112755810305,-4.109262186262859,530
La Marsa,50362.30687830688,51357.7817339213,-995.4748556144282,-7.364082482908502,378
La Soukra,47805.921195652176,47189.39025136939,616.5309442827827,-1.0985767901165813,368
Hammamet Nord,1651.0369127516778,1510.4937311715253,140.54318158015244,-17.1982974822016,298
Ain Zaghouan,36358.14345991561,32394.13673732358,3964.0067225920316,-0.7385200307540787,237
Soukra,1276.5876288659795,1156.9561381775,119.63149068847939,-4.639102084140238,194
L'Aouina,1175.7015706806283,1124.9100231884006,50.79154749222773,-1.3140403412087012,191
Gammarth,3981.4814814814813,3821.0153007798262,160.4661807016549,-5.438423588004108,189
Ain Zaghouen Nord,1952.896174863388,1753.8742670138402,199.0219078495477,2.152544520352111,183
Ariana Ville,163139.87078651684,141886.5818759763,21253.288910540577,2.445369208659238,178
Cité El Wafa Mrezga,1149.8486842105262,1124.1687256946727,25.679958515853542,-23.436831829875977,152
Kelibia,66673.06428571428,46049.409187734615,20623.655097979678,-21.42207277072638,140
Laouina,1308.5294117647059,1248.924973882431,59.6044378822747,-4.956456884222188,136
El Mourouj,52931.704545454544,51445.12753532993,1486.5770101246198,-7.676975137139007,132
Kantaoui,1359.5384615384614,1330.1209720689997,29.41748946946202,-21.292171238558225,130
Nabeul,207337.31707317074,176592.92635946974,30744.390713700992,-16.67201171985087,123
Hammam Sousse,88101.16666666667,63148.74526450147,24952.421402165193,-10.58854145432947,120
Sahloul,1047.1818181818182,1024.0159272945573,23.165890887260925,-5.366768367361081,110
Sousse,946.2385321100918,930.4492036723085,15.789328437783293,-21.685263317562672,109
Khzema,1219.5698924731182,1166.73120460351,52.838687869608506,-7.722930742369843,93
Bab Bhar,65752.54838709677,69672.33209403118,-3919.783706934411,-0.10552158511556148,93
Yasmine,2457.391304347826,2322.665385853801,134.7259184940252,-10.473269337266878,92
El Menzah,139945.81318681317,135678.76204700183,4267.051139811356,-14.60438647607539,91
Menzah,1345.6097560975609,1252.4060923839456,93.20366371361537,0.25920105122099396,82
Ezzahra,53683.67123287671,46794.32197843825,6889.349254438463,-8.138364175683755,73
Makni,1887.6712328767123,1716.7983995452123,170.87283333150012,-4.6297562610089305,73
EL Manzah,1179.986111111111,1210.6523341191944,-30.666223008083346,-7.293207927777098,72
Chotrana,1651.9444444444443,1476.0692473512217,175.87519709322262,2.191336970439686,72
Sidi Bou Saïd,3071.830985915493,2641.738955292163,430.09203062332955,2.9980715251912806,71
Riadh El Andalous,1197.6760563380283,1204.9901456052114,-7.314089267183213,-3.439255365412127,71
Rades,63333.80281690141,59368.13266405684,3965.670152844572,-8.610135657326705,71
Tunis,15681.029411764706,8449.911655401855,7231.117756362851,-4.750457681655538,68
l'aouina,1385.8208955223881,1236.9181278158017,148.9027677065863,5.040756216598635,67
Chott Mariem,1284.530303030303,1121.2444072225728,163.28589580773036,-21.65883554175637,66
Hammam El Ghezaz,79205.55555555556,81043.66837032649,-1838.1128147709169,-27.48472742222764,54
Jardin d'El Menzah,1078.1923076923076,1053.3750323806871,24.81727531162054,-8.087212234832498,52
Manar,1262.7450980392157,1162.0221169720694,100.72298106714635,1.738203505110891,51
Raoued,174903.88,141551.6743432463,33352.20565675371,-4.1361357631967275,50
Ennasser,1226.2,1156.2119787532615,69.98802124673855,0.02865375509873317,50
Ariana,866.1224489795918,879.6549003630508,-13.532451383459012,-9.867293993235384,49
Baraket Essahel,1225.4791666666667,1272.9537185151069,-47.47455184844021,-18.280207974165936,48
Bizerte Nord,112756.58536585367,118112.27234173533,-5355.686975881652,-23.457468099378538,41
Mahdia,11540.78947368421,6240.479894067053,5300.309579617157,-26.948452623203078,38
Mutuelle,3076.8571428571427,2675.9596778436476,400.8974650134953,4.827893443737458,35
Djerba,1285.2941176470588,1213.1131009842386,72.18101666282023,-28.41861010992935,34
El Haouaria,78842.42424242424,87819.09192959487,-8976.667687170622,-22.13105186541582,33
Cité El Wafa,1080.6060606060605,1004.9804242301627,75.62563637589801,-0.1289086694347065,33
Khezema,1167.1875,1097.1001002764503,70.08739972354975,-2.3875749897568133,32
Boumhal Ben Arous,964.0625,972.2848778477019,-8.22237784770185,-11.492056646428116,32
Mnihla,217159.625,175080.85007799644,42078.77492200355,-8.511290228556208,32
Nouvelle Medina,161598.4375,158789.28365466482,2809.153845335169,-1.362386339729727,32
Le Bardo,107762.25806451614,88087.8317298736,19674.426334642536,-7.215876304538631,31
Sidi Thabet,86051.66666666667,82226.94586959637,3824.720797070299,-51.05524996614024,30
Monastir,39128.620689655174,22323.73424895874,16804.88644069643,-2.1718341672994734,29
Hammam Chatt,104306.60714285714,104548.86237116267,-242.25522830554038,-7.542487838218807,28
Corniche,1267.7777777777778,1102.2347391413348,165.54303863644287,-4.850971279790152,27
Cité Les Pins,3331.4814814814813,2748.952731053631,582.5287504278501,10.528249871619805,27
Akouda,268436.53846153844,227098.52388580417,41338.014575734305,-6.071664966201022,26
Bou Ficha,198142.3076923077,179930.4858134934,18211.82187881429,-1.800967057123895,26
Mourouj,626.0,646.1100674895647,-20.110067489564745,-8.552198818978749,25
Cité Olympique,981.2,932.8333354823692,48.36666451763083,0.7392455416867965,25
Lac 2,1748.0,1753.6301566497198,-5.6301566497197335,-14.215152289246623,25
Bir Bouragba,1752.0,1759.752758536881,-7.752758536880983,-15.905645921944314,25
Sourrour,1549.1666666666667,1331.8932535831811,217.27341308348545,5.300821541066508,24
La Corniche Bizerte,873.5416666666666,1001.0820385713355,-127.54037190466886,-105.09491763585987,24
La Goulette,98720.41666666667,62099.76198386078,36620.654682805885,6.9881781744386515,24
Bardo,910.2173913043479,835.084278748772,75.1331125555759,0.4549761024114776,23
Sfax,695.0,757.2394526388155,-62.23945263881551,-22.57343414806182,22
Menzel Temime,186281.42857142858,76176.54892478383,110104.87964664472,-3.598565116836476,21
Ben Arous,45446.666666666664,53164.00827133907,-7717.341604672407,-5.20926938107776,21
Megrine,63303.5,26102.344157232637,37201.15584276736,0.8306194317139888,20
El Omrane Supérieur,765.25,652.1791783522085,113.07082164779149,-7.920950840578544,20
Sousse Jaouhara,323415.7894736842,294620.79704540607,28794.99242827814,0.9009091480004602,19
Menzah_9B,1543.6842105263158,1247.1754854448657,296.5087250814501,11.588970426880255,19
El Menzah 1,2452.777777777778,1994.5289012569297,458.24887652084806,3.4123645886680323,18
Nkhilette,807.2222222222222,819.6533220685556,-12.43109984633328,-4.8295782444320094,18
Olfa cité Nour jaefer ariena,700.0,576.7733563000538,123.22664369994618,11.484319303340193,17
Cite El Khadra,351177.0588235294,269438.45407533593,81738.60474819352,-14.577912783930266,17
Bou Mhel El Bassatine,177226.4705882353,157024.02688986505,20202.443698370214,-29.272950176852447,17
Midoun,1576.25,1353.7807658112158,222.4692341887842,-40.35859627384632,16
El Kram,190356.25,199156.35491081112,-8800.104910811096,-0.7277192021498862,16
Ben Zert,760.625,682.0641041573496,78.56089584265048,3.734773340945777,16
Kélibia,1100.0,935.6980573405184,164.30194265948165,-23.861516814303332,16
El Omrane Superieur,117632.0,105008.4412348295,12623.55876517051,-28.335114741616785,15
Skanes Kobba,1271.4285714285713,1342.7027815285417,-71.27421009997025,-12.259038615354429,14
Mannouba,188216.42857142858,110001.53096009897,78214.8976113296,-6.610642792091352,14
Jawhara,1005.7142857142857,886.666780101085,119.04750561320077,6.863867033313121,14
nabeul-centre-ville,337271.4285714286,331495.92435634654,5775.5042150820145,-7.446567468183003,14
Mégrine Coteaux,1369.2307692307693,1289.709711648769,79.52105758200014,-6.089783836531295,13
Cité Elfaouz,1267.6923076923076,1329.8179509132876,-62.12564322097994,-7.52144123421809,13
Soliman,248728.07692307694,235112.18677097274,13615.890152104208,-29.00064249909302,13
El-Agba,698.4615384615385,805.4477860225086,-106.98624756097014,-21.393800168384498,13
Carthage Salambo,2196.153846153846,2085.143170658579,111.01067549526705,-11.540066160180452,13
Sonede Bardo,796.6666666666666,819.2278088263646,-22.561142159697862,-11.781527619480633,12
Fouchana,102751.66666666667,106551.48579144715,-3799.819124780474,-7.986828969961809,12
Sousse Ville,420562.7272727273,263727.91233732126,156834.814935406,17.705294232717907,11
Sidi Daoud,1868.1818181818182,1386.5033040440032,481.67851413781506,18.398798954844203,11
Ezahra Hammem el Ghzez,756.3636363636364,1232.4052075419127,-476.04157117827623,-253.9343595248448,11
Ain Mariem,913.6363636363636,908.9415150099926,4.694848626370933,-3.933053694236693,11
Sidi Frej,1434.5454545454545,1302.3923699401246,132.1530846053299,4.807634358419137,11
Benzerit,591.8181818181819,676.5840911245773,-84.76590930639553,-33.00934303762983,11
Hiboun,534.5454545454545,589.0371420386007,-54.49168749314609,-58.947454616757334,11
Dar Fadhal,1760.0,1351.3242529894512,408.67574701054883,14.116035728504803,10
Khaireddine,1550.0,1370.6386887401006,179.36131125989942,9.600295797508526,10
Denden,815.0,758.5115290611526,56.488470938847456,1.7432901059863142,10
Sfax Ville,205370.0,125913.31277254471,79456.68722745529,12.401125646564449,10
Sidi Salem,599.0,631.3453686730466,-32.34536867304653,-76.32251468546022,10
Hamem laghzez,804.0,273.67925675926256,530.3207432407373,6.332332087345405,10
La Nouvelle Medina,871.5,971.2708955370277,-99.77089553702767,-16.89622447036931,10
Hamam Rimi,1208.0,1029.8989360004339,178.1010639995662,-3.4355866319719013,10
la-corniche,215105.55555555556,159718.86480099277,55386.690754562806,17.776711991579408,9
El Manar,1689.888888888889,1474.5135596138202,215.37532927506868,0.9279438255400118,9
Hedi Nouira,866.6666666666666,883.3049235544378,-16.638256887771103,-2.2627730879579677,9
bizerte,393777.77777777775,299360.17786034395,94417.59991743385,16.06544449335087,9
Centre Urbain Nord,1955.5555555555557,1896.214212256213,59.341343299342824,-30.98628714792521,9
Hammamet sud,2800.0,1670.6543749025882,1129.3456250974118,18.125565880338286,9
Sahel,748.75,750.1710819678784,-1.4210819678784077,-2.9261888547452877,8
Gremda,746.25,891.4661884825401,-145.21618848254008,-39.53124095770453,8
Route Menzel Chaker,687.5,832.631724124995,-145.13172412499503,-25.75178496403972,8
Alain Savary,3271.25,2193.7824855700146,1077.4675144299854,23.463960439554,8
hammamet-nord,118937.5,40138.7877463859,78798.71225361411,15.441224478959926,8
Mornaguia,173330.0,208656.77777249517,-35326.77777249518,-34.286729443336796,8
HerGlA,930.0,881.5082862057736,48.491713794226314,-46.29026517963421,8
Borj Baccouche,1380.0,1221.3650544083296,158.6349455916705,11.222601102445516,8
hammamet-centre,317143.75,295799.24678895366,21344.50321104632,3.684983438876471,8
El Agba,645.0,768.3438498615062,-123.3438498615062,-24.550655138223362,8
chott-meriam,289302.75,275536.27038423484,13766.479615765136,-9.342868776614136,8
Cite Mahrajene,2362.5,1433.904175008559,928.5958249914411,25.808777635157227,8
Ras Jebel,329534.71428571426,284168.18480278354,45366.52948293077,-15.01015235845036,7
Rades plage,675.7142857142857,903.4208662288116,-227.70658051452583,-39.75769704245517,7
Ennasr2,1382.857142857143,1206.754815296636,176.1023275605069,-7.047289563760958,7
Bhelwan,564.2857142857143,637.4013695643586,-73.11565527864423,-30.047449046924953,7
Gabes Sud,208264.2857142857,224454.94376179462,-16190.658047508909,-8.384078348732741,7
La Medina,166002.85714285713,123649.35508214276,42353.502060714374,3.2859563438309323,7
Bokhrise,785.7142857142857,942.1895496480835,-156.47526393379763,-32.41442595467039,7
kairouan,380490.0,303039.0935501584,77450.90644984157,2.5654240526297762,7
manouba,407950.0,459362.7884257804,-51412.7884257804,-13.626534283742744,7
la-marsa,288871.4285714286,167721.5412807723,121149.88729065626,28.52089358388695,7
bouhsina,515500.0,472181.1153151462,43318.88468485382,6.592224836995868,6
Matar,491.6666666666667,562.8931381403773,-71.22647147371076,-52.5510677273546,6
Hammam Lif,303766.6666666667,248865.73486724906,54900.931799417565,3.9099259801342874,6
La Soukra Sidi Salah,1400.0,1299.0094540908217,100.99054590917827,4.401590012372043,6
Korba,352100.0,289413.1038659537,62686.89613404629,17.18399408904601,6
Montplaisir,2050.0,1284.1257717877118,765.8742282122881,19.449478801773388,6
Ariana Supérieur,933.3333333333334,1044.1364053689579,-110.80307203562461,-16.86045292240167,6
Behi Ladgham,1288.3333333333333,566.4872121904585,721.846121142875,10.780259326305696,6
sahloul-4,215025.0,225631.49081553434,-10606.490815534364,-2.6461782309527417,6
Borj Cedria,551.6666666666666,568.0961195269182,-16.429452860251587,-9.236308221308361,6
cite-el-agba,171233.33333333334,148433.3396474678,22799.99368586553,-20.679231578176196,6
Ariana Essoghra,661.6666666666666,860.4861963159977,-198.81952964933097,-43.16292125522887,6
manar-1,177410.0,167759.84443617932,9650.155563820663,-8.112310587483162,5
borj-cedria,298000.0,389552.3742585977,-91552.37425859769,-27.842004692794838,5
Carthage Dermech,2010.0,1978.4474575103272,31.55254248967294,-3.1083180232421355,5
hergla,201827.2,176154.45870817086,25672.741291829174,-6.369798265516517,5
cite-riadh,190200.0,200895.961545882,-10695.961545881984,-19.319310848074345,5
El Ain,700.0,669.0189960574293,30.98100394257069,-16.968588844540662,5
baghdedi,266090.0,274408.5185053139,-8318.518505313908,-26.818040948827154,5
aouina,464610.0,384520.00716947997,80089.99283052002,5.4469891191593245,5
ain-zaghouane,135040.0,158652.37212092362,-23612.37212092362,-10.792838134116462,5
Menzel Jemil,119440.0,128056.58240638468,-8616.582406384685,-22.164143922923394,5
El Ouerdia,396460.0,389421.67367235327,7038.326327646743,-3.6378476746121464,5
El Omrane,584304.0,472930.6838126044,111373.31618739567,28.954073591995915,5
Sousse Riadh,157072.0,187599.52780200806,-30527.527802008066,-38.572724031927166,5
Lido,1080.0,1002.8882421013388,77.11175789866127,9.273672048533985,5
Loulija,1030.0,602.8675254947136,427.1324745052863,41.007307472514015,5
Gammarth Foret,4840.0,4473.512274809481,366.48772519051954,6.954101754241019,5
Masque du Arko,1316.0,1779.0729785509052,-463.0729785509052,-124.43897230280902,5
sahline,210150.0,237092.2128766472,-26942.212876647187,-13.725833282193843,5
Kalaa Essghira,243176.0,235416.2818578841,7759.718142115884,-43.90508170777865,5
Kerkouane,790.0,606.6819853000234,183.31801469997671,-33.985510152421675,5
Bab Souika,704.0,734.565910422901,-30.565910422901037,-18.586704277993825,5
Jarzouna,387.5,481.5727294398376,-94.07272943983756,-70.40582802154057,4
soukra,531250.0,537354.2347613976,-6104.234761397587,-11.775945104606398,4
megrine,795000.0,658574.6629434823,136425.33705651766,12.197641133838975,4
Sakiet Ezzit,256583.5,257608.1391941024,-1024.6391941024121,-33.61214170892278,4
mutuelleville,809100.0,431161.1857623458,377938.8142376542,33.938689729101014,4
Beni Khiar,215000.0,351801.6259104746,-136801.62591047463,-54.19285884195155,4
mahdia-centre-ville,205900.0,150166.88070891463,55733.11929108538,13.260164687874997,4
Ibn Sina,487.5,521.5980222375391,-34.0980222375391,-6.921012809189251,4
Grombalia,73172.5,56005.32529944817,17167.17470055183,-19.789697752018917,4
Menzel Abderrahmane,430.0,582.6301243656835,-152.6301243656835,-37.546804521740924,4
cite-hached--jawhara,294125.0,286945.27938875015,7179.720611249879,-4.903412395408374,4
Mora Jasmin,742.5,1152.1398941146263,-409.63989411462614,-54.09641593199943,4
Tabarka,160045.0,140584.5192617484,19460.48073825159,-53.2503134182421,4
bekalta,184587.5,208825.66023607785,-24238.160236077838,-38.756644288224805,4
Hergla,141112.5,153615.77974829948,-12503.279748299488,-16.808747797793597,4
el-kantaoui,385425.0,235950.7759080683,149474.22409193174,15.372460719162309,4
kelibia,468750.0,346039.67242129176,122710.32757870824,25.165789337071708,4
Ellil,1180.0,779.6044103358792,400.39558966412085,-23.51280360131478,4
Wed El Marj,755.0,519.8936557602067,235.10634423979326,24.17039843674038,4
Ksar Said,537.5,468.72075938745616,68.77924061254386,9.774581648193003,4
Sidi Hassine,231000.0,198300.15350979796,32699.846490202035,-189.16409031185304,4
Midoun Djerba,1675.0,1604.9091480009872,70.0908519990129,-23.02341761967827,4
Boukornine,695.0,815.1769102247398,-120.1769102247398,-22.13657439326759,4
les-berges-du-lac-1,2912.5,2565.3081255300567,347.19187446994334,13.080973012800472,4
ksar-hellal,372737.5,313429.8019778252,59307.6980221748,15.995321733212663,4
Charguia,807.5,942.135201194253,-134.63520119425291,-39.92574558965964,4
Marsa Saada,1737.5,1807.2647996867195,-69.76479968671919,-9.207155942119861,4
وسط المدينة,113.33333333333333,293.61579376730316,-180.28246043396982,-157.47729305057402,3
Diar Ben Salem - Beni Khiar,546.6666666666666,581.0707500048899,-34.4040833382233,-58.196266213175896,3
cite-el-ghazala,600000.0,519740.35216262675,80259.64783737324,17.244357351114427,3
ennasr-2,190783.33333333334,168655.4397372911,22127.893596042224,15.328241046413693,3
chebba,201600.0,146595.11400679103,55004.88599320897,8.67995597230688,3
gammarth,3433.3333333333335,1672.563036420722,1760.770296912611,48.853491885790184,3
chotrana,343700.0,327819.7147960679,15880.28520393208,-8.432795812286649,3
ariana-superieur,405000.0,429081.225322864,-24081.22532286398,-16.818607264165035,3
MAHDIA,466.6666666666667,545.7365199353632,-79.06985326869652,-17.86515728800225,3
Dar Chaabane Elfehri,346900.0,213600.067588569,133299.932411431,9.35810784273635,3
Sfax Sud,400000.0,383093.0740743838,16906.925925616142,9.80208334076465,3
Mhamdia,463.3333333333333,458.5434474345852,4.789885898748182,-6.131540229651587,3
El Ghazela,876.6666666666666,1438.5309434798874,-561.8642768132208,-57.08718633812075,3
Morneg,1200.0,591.9154775645499,608.0845224354501,39.94706754306695,3
Nakhla,533.3333333333334,715.7399479896814,-182.40661465634807,-44.871623603172274,3
sahloul-1-2,127333.33333333333,95100.9546678597,32232.378665473632,5.444401098433899,3
Kalaat Landlous,220666.66666666666,88986.16958376493,131680.49708290174,37.11689081171571,3
riadh-landalous,902333.3333333334,622753.2863025429,279580.0470307904,25.87645908875649,3
rejiche,85166.66666666667,99391.64028034906,-14224.973613682392,-36.24175827377892,3
Kheireddine,1033.3333333333333,1148.7891980021689,-115.45586466883542,-13.117605693510347,3
lafayette,50933.333333333336,50177.63788784651,755.6954454868192,16.562789245425,3
Oued Souhil,1733.3333333333333,1282.125068264945,451.2082650683886,14.449796474316514,3
Mohamadia,187773.33333333334,193349.11765715657,-5575.784323823234,-20.39485407430192,3
Manouba,598.3333333333334,421.2705869295831,177.06274640375022,-65.28593070327614,3
Sidi El Bechir,83500.0,197355.1189261607,-113855.11892616072,-107.60230675888023,3
Paris,650.0,1146.5563631234843,-496.55636312348435,-148.32105889890315,3
Rachidia Hrairia,633.3333333333334,306.493836271844,326.83949706148934,43.71910920349944,3
Essaha,673.3333333333334,618.5692676061577,54.764065727175534,6.564443255871239,3
frina,333333.3333333333,253788.01140838698,79545.32192494634,4.923975450985703,3
Ennakhil,983.3333333333334,852.2052922893322,131.12804104400115,-12.397408096938678,3
cite-erraoudha,167133.33333333334,200215.0828006115,-33081.749467278154,-19.699906182923613,3
Hadika,650.0,774.2062423710895,-124.20624237108954,-32.95968998299765,3
Beja Nord,240500.0,148351.30953657802,92148.69046342198,-1.5793296562870935,3
ariana-ville,416666.6666666667,548451.5954911803,-131784.92882451368,-30.68057915432279,3
Zahra Hammem Leghzez,570.0,1472.6953917469757,-902.6953917469756,-597.6485181395345,3
zone-touristique-mahdia,408500.0,318073.73075502587,90426.26924497413,21.694993208212395,2
Irak,1225.0,1131.8144049075527,93.18559509244751,8.348126386531145,2
aouina-2,1275.0,1154.7890686152605,120.21093138473941,7.673694620057892,2
Zouila,825.0,1154.779385500722,-329.77938550072207,-30.281550943030282,2
Lakagna Elouardia,1275.0,989.3104488962023,285.6895511037977,19.281668605546773,2
Ettahrir,670.0,673.4916788508397,-3.4916788508396053,-0.885643250054458,2
El Omran,700.0,817.7123208552932,-117.71232085529311,-15.189945037223248,2
Mornag,269000.0,164030.5099621378,104969.49003786221,-9.427593928615384,2
El Kabbaria,56000.0,95886.42128639066,-39886.421286390665,-12.661811636532008,2
Cité Taieb Mhiri,1250.0,922.6526342331683,327.3473657668318,20.72359113540016,2
Cité Wali Bizerte,450.0,627.8997508460915,-177.89975084609148,-42.35490439014957,2
Cité Zouhour,390.0,437.680689668272,-47.68068966827201,-11.73571062987338,2
cntr,525.0,651.5825283444616,-126.5825283444616,-24.122823278870534,2
Souf,390.0,748.608755972488,-358.60875597248804,-93.48920898553747,2
Cité Manar,875.0,608.8993187687654,266.10068123123466,23.62397920904256,2
hammam-sousse,220000.0,181558.18841273914,38441.81158726085,16.576154681482702,2
jardins-d-ennasr,555000.0,501071.55401886534,53928.44598113465,7.611913600269688,2
Borj Ghorbel Yasminette Ben Arouns,475.0,494.98939272442567,-19.9893927244257,-15.926892259526008,2
bardo,475000.0,456416.82639279356,18583.173607206438,3.92027311918703,2
cite-olympique,209000.0,244413.4023025806,-35413.402302580595,-16.995152963695702,2
jardins-d-el-menzah-2,835000.0,673184.5453840957,161815.45461590416,17.78647597221087,2
gammarth-village,375800.0,346355.0366057876,29444.96339421242,8.582945620097348,2
Benzert,400.0,954.2222662032898,-554.2222662032899,-337.0836440747974,2
Bir El Bey Hammam Chatt,1400.0,602.260585094597,797.7394149054031,44.78260347442389,2
Beni Khalled,102500.0,172977.6681535431,-70477.6681535431,-67.838844933178,2
"situé à Jinèn Beni Khiar, Nabeul",288950.0,220479.87047828405,68470.12952171593,23.824297128007682,2
Beb Mateur,550.0,624.9428617912902,-74.94286179129023,-17.235948644498528,2
Ben Yunis,535.0,905.3844770435375,-370.3844770435376,-68.20589648852513,2
skanes-la-falaise,218100.0,176753.0638648337,41346.93613516631,21.762974122715278,2
Beb El Jezira,725.0,822.6764942220528,-97.67649422205284,-13.96358325853577,2
ben-arous,387200.0,477359.3833074429,-90159.38330744293,-15.886434362864348,2
Zouaidia,600.0,547.0991578673477,52.90084213265232,8.81680702210872,2
Hay Hached,725.0,738.3902936701858,-13.390293670185741,-10.191464587845335,2
Hay Riadh,650.0,888.757834752485,-238.75783475248494,-45.40571328376917,2
Marsa Maalga,2300.0,2297.540753090396,2.459246909604275,2.5001434956087376,2
Douar Hicher,332500.0,242690.11214046925,89809.88785953076,28.420318163665133,2
Montfleury,725.0,587.2013867215571,137.79861327844282,18.850978623133336,2
Sakiet Eddaier,190000.0,233873.49971268978,-43873.49971268977,-65.62111233985124,2
Sidi Mansour,412.5,485.6216396572208,-73.12163965722078,-36.08217625096871,2
Sidi Bouzid,325.0,271.71694224625855,53.28305775374145,15.331932540615027,2
Riadh,900.0,772.2921985651651,127.70780143483495,12.238004798300105,2
Rafraf,300.0,334.3712862104288,-34.37128621042881,-43.03001894536259,2
Rafeha,340.0,542.215813547681,-202.215813547681,-59.04837781336287,2
Oued El Il,335.0,379.55985845925807,-44.559858459258066,-13.20410712031886,2
Utique,1250.0,2281.5544429845077,-1031.5544429845074,-113.78403437711853,2
Ghar El Melh,216050.0,101085.5049538665,114964.49504613348,46.79067768906968,2
Djerba - Houmet Essouk,149650.0,102935.88743024219,46714.11256975783,45.34711760255354,2
Djerba - Midoun,510000.0,373468.71228013956,136531.28771986044,28.754315023697465,2
Dar Chaabane,700.0,636.2846073404037,63.71539265959626,9.455220405306621,2
zone-touristique-monastir,475400.0,112861.61247537116,362538.38752462884,26.24048568828279,2
zouila,580000.0,266087.72598199674,313912.27401800326,39.907965488686024,2
Sidi Amor Raoued,675.0,759.5140518551044,-84.51405185510441,-11.686760730545933,2
menzah-6,910000.0,1027160.2594970083,-117160.25949700827,-8.305762063462918,2
madina-jadida,497500.0,399716.7717178998,97783.22828210016,12.848374386704867,2
le-lac-2,1900.0,1344.4407696385697,555.5592303614302,28.6088187428421,2
m-saken,321000.0,363753.6054050746,-42753.6054050746,-14.55174140334626,2
Msaken,1645.0,567.9213895957264,1077.0786104042736,1.9383583033829552,2
Menzel Jemil Centre Ville,325.0,396.3986422560804,-71.39864225608036,-22.13163210740695,2
Béni Khiar,1100.0,757.2352578684876,342.76474213151243,30.7093819195159,2
menzah-7,776900.0,585517.9403063634,191382.0596936367,25.1272016267672,2
Bouhsina,535.0,839.995601916937,-304.99560191693706,-60.264471846316574,2
khezema-est,186700.0,112566.13226224737,74133.86773775265,45.492215098951505,2
Cité El Merdes,450.0,834.381616168694,-384.38161616869405,-85.67131704808695,2
Cité El Hana,575.0,601.8162917489564,-26.81629174895636,-7.242488909627843,2
rades-meliane,165000.0,201093.8105801916,-36093.81058019161,-21.322457994853366,2
Cité Chaker,775.0,658.806754545554,116.19324545444606,14.464118808860183,2
sidi-daoued,1350.0,1343.0933428642834,6.906657135716841,0.5116042322753227,2
route-gremda,215000.0,209263.81353569336,5736.1864643066365,-4.660159874465293,2
rades-foret,515000.0,583467.8428677194,-68467.84286771936,-13.294726770430945,1
rades-monjil,590000.0,638979.2717671735,-48979.271767173545,-8.301571485961617,1
route-de-mahdia,230000.0,291755.6101012989,-61755.610101298895,-26.850265261434306,1
salakta,125000.0,178011.84288938154,-53011.84288938154,-42.40947431150524,1
sidi-rezig,750000.0,984199.3645333594,-234199.36453335945,-31.22658193778125,1
"situé dans un bon quartier à Sers, Kef",170000.0,451162.71101730026,-281162.71101730026,-165.3898300101766,1
"situé à Beb EL Khadhra, Tunis",320000.0,236968.65574450695,83031.34425549302,25.94729507984157,1
"situé à Beb Mnara, Tunis",190000.0,195367.06594508205,-5367.065945082053,-2.824771550043186,1
Cité EZZOUHOUR,800.0,897.9607833346087,-97.96078333460866,-12.245097916826085,1
Cité El Jalaa,400.0,841.5184552177514,-441.51845521775135,-110.37961380443784,1
"kelibia, Nabeul",2800.0,777.10376141293,2022.89623858707,72.24629423525249,1
Boumhel Belair,3000.0,3160.8259314596785,-160.8259314596785,-5.360864381989283,1
Chaffar,7000.0,949.4043848688202,6050.59561513118,86.43708021615973,1
Cherqui Kerkennah,300.0,341.087781446491,-41.08778144649102,-13.69592714883034,1
Citer Caserne,950.0,1371.1117899511955,-421.11178995119553,-44.32755683696795,1
hiboun,820000.0,683404.4081113185,136595.59188868152,16.65799901081482,1
jardins-d-el-menzah-1,340000.0,433344.7477533668,-93344.74775336684,-27.454337574519656,1
menzah-1-4,320000.0,305070.7332370116,14929.266762988407,4.6653958634338775,1
menzah-5,1100000.0,959621.177523469,140378.82247653103,12.761711134230094,1
menzah-8,650000.0,422650.59128718905,227349.40871281092,34.97683210966323,1
ksour-essef,310000.0,260983.2755353395,49016.72446466051,15.81184660150339,1
lac 2,3900.0,2807.4360436703823,1092.5639563296177,28.014460418708147,1
les-jardins-de-carthage,675000.0,485243.4007757747,189756.59922422533,28.11208877395931,1
Kalla Kebira,900.0,1114.3997247071013,-214.3997247071013,-23.82219163412237,1
Kebili,300.0,717.6600182610831,-417.6600182610831,-139.22000608702768,1
Kebili Sud,86000.0,294121.8308736556,-208121.8308736556,-242.0021289228553,1
Kelibia Hay Bostene,450.0,766.6641798278032,-316.6641798278032,-70.36981773951182,1
Kerkennah,100.0,162.52695069453287,-62.52695069453287,-62.52695069453287,1
Khlidia,330.0,810.2001370310016,-480.2001370310017,-145.51519303969746,1
Jbel Jloud,270.0,861.0110690372,-591.0110690372,-218.89298853229627,1
Jebel Jelloud,270.0,790.2662115922865,-520.2662115922865,-192.69118947862464,1
Jedaida,195000.0,258199.54302779963,-63199.54302779964,-32.41002206553827,1
Jinen Beni Khiar,950.0,1714.7348050394917,-764.7348050394917,-80.49840053047281,1
Kabaria,250.0,260.3492243660595,-10.349224366059502,-4.139689746423801,1
Kaf Obad,100.0,832.0770042767643,-732.0770042767643,-732.0770042767643,1
Kalaa El Kebira,327600.0,285970.2655393625,41629.7344606375,12.707489151598748,1
Kalaa Sghira,750.0,1060.3026476615266,-310.30264766152663,-41.37368635487022,1
"Mrezga, Nabeul",650000.0,494217.4072830144,155782.5927169856,23.966552725690093,1
Médenine,550.0,402.1458467769166,147.85415322308342,26.88257331328789,1
Naasen,600.0,662.3867269410429,-62.38672694104287,-10.397787823507144,1
Merzéke,500.0,850.9505268234698,-350.9505268234698,-70.19010536469395,1
Mezraya,2500.0,832.0770042767643,1667.9229957232355,66.71691982892942,1
Mghira,400.0,625.961396289664,-225.961396289664,-56.49034907241599,1
Sidi Bou Ali,120000.0,289127.5596988674,-169127.55969886738,-140.9396330823895,1
Sidi Sofiene,1200.0,862.5560977794084,337.44390222059155,28.120325185049293,1
Siidi Saleh,280.0,862.2845952799344,-582.2845952799344,-207.958784028548,1
Saltania,680.0,1093.7815776773443,-413.78157767734433,-60.85023201137416,1
Sangho Zarzis,500.0,968.6060466733146,-468.6060466733146,-93.72120933466292,1
Saqiah ad-Dair,400.0,853.9560625817426,-453.9560625817426,-113.48901564543566,1
Sidi Ahmed Zarrouk,400.0,624.1450512042112,-224.1450512042112,-56.03626280105281,1
Sidi Amor,800.0,749.5675139261183,50.432486073881705,6.304060759235214,1
Ras Jbal,400.0,2987.501411639968,-2587.501411639968,-646.875352909992,1
Sahafa,1250.0,729.2601436018784,520.7398563981216,41.65918851184973,1
Fouchana cité Wifak,420.0,1093.8256995641095,-673.8256995641095,-160.43469037240703,1
Frina Khniss Ksibet el mediouni,350.0,862.2845952799344,-512.2845952799344,-146.36702722283837,1
Gafsa Sud,700.0,617.0060914664497,82.99390853355033,11.856272647650048,1
Nour Nasr,500.0,652.6793270044654,-152.67932700446545,-30.53586540089309,1
Oued,3000.0,2853.147380285769,146.8526197142305,4.895087323807683,1
Oued Ellil,800000.0,395921.5158835554,404078.4841164446,50.509810514555575,1
Oued Laarouk Akouda,450.0,652.5879879131536,-202.5879879131536,-45.01955286958969,1
Drahem,250.0,147.14299752667534,102.85700247332466,41.14280098932986,1
Echikh Mornag,1000.0,585.8094648850879,414.1905351149121,41.419053511491214,1
El Fahs,410000.0,343529.9448653487,66470.05513465131,16.212208569427148,1
Yesmine,7000.0,1492.3774450556557,5507.622554944344,78.68032221349063,1
Zaghouan,183200.0,291476.49268920365,-108276.49268920365,-59.10288902249107,1
Dar Alouche,800.0,900.0449313054733,-100.04493130547326,-12.505616413184155,1
"Djerba, Fetou",2700.0,1985.8799459456757,714.1200540543246,26.448890890900916,1
Cité Errayhane,600.0,785.3852392579935,-185.38523925799348,-30.89753987633225,1
Cité Hached,1200.0,1187.8968494946048,12.103150505395206,1.0085958754496005,1
Medenine Nord,300.0,1273.4753213887998,-973.4753213887998,-324.4917737962666,1
Melita,500.0,341.37919081639285,158.62080918360715,31.724161836721432,1
Melouf,1200.0,806.5630323805279,393.43696761947206,32.78641396828934,1
Ghezala,385700.0,275190.7418462222,110509.2581537778,28.65160958096391,1
Korbous,1500.0,1305.0748160915778,194.92518390842224,12.995012260561484,1
Ksour Essaf,1500.0,507.888625268563,992.1113747314372,66.14075831542914,1
La Chebba,2500.0,294.0369323086831,2205.963067691317,88.23852270765268,1
Le Kef Ouest,600.0,988.612556701654,-388.61255670165394,-64.76875945027565,1
Mahres,550.0,1019.8033271745676,-469.8033271745674,-85.41878675901226,1
El Ourdia,750.0,460.9656213077743,289.03437869222574,38.53791715896343,1
Enfidha,320000.0,195027.6934087856,124972.3065912144,39.0538458097545,1
Essijoumi,500.0,442.24372409990895,57.756275900091055,11.551255180018211,1
Ettadhamen,320000.0,250595.62530446064,69404.37469553936,21.68886709235605,1
Nasseriyah,750.0,795.250313172479,-45.25031317247897,-6.033375089663863,1
"Neapolis, Nabeul",395000.0,172079.72198556206,222920.27801443796,56.43551342137669,1
Nebeur,180000.0,581511.6347249276,-401511.6347249276,-223.06201929162643,1
El Haouria,1000.0,255.61584118019132,744.3841588198086,74.43841588198086,1
El Hrairia,270000.0,307280.91065961047,-37280.91065961047,-13.80774468874462,1
El Mida,146000.0,228855.4585004456,-82855.45850044559,-56.75031404140108,1
Cité el Mouna,400.0,613.255979186111,-213.25597918611092,-53.313994796527744,1
"DT Description Un appart au RDC situé dans une résidence à Borj Louzir, Ariana",160000.0,185779.00220703625,-25779.002207036247,-16.111876379397653,1
Siliana Nord,330000.0,560574.6614052234,-230574.66140522345,-69.87110951673438,1
Siède,180.0,557.8915360407107,-377.89153604071066,-209.93974224483924,1
Somrane,550.0,673.7698806434112,-123.76988064341116,-22.503614662438395,1
Souk La Had,1000.0,1255.918931426277,-255.91893142627669,-25.59189314262767,1
Takelsa,99999.0,262259.0871830736,-162260.08718307363,-162.26170980017162,1
Tebourba,202500.0,139053.82579568613,63446.174204313866,31.331444051513017,1
dar-fadhal,1700.0,1933.2035282798677,-233.20352827986744,-13.717854604698084,1
el-menchia,1500.0,737.322622403832,762.677377596168,50.8451585064112,1
el-mourouj-5,140000.0,170843.35536490422,-30843.35536490421,-22.030968117788724,1
el-mourouj-6,250000.0,327149.6234217201,-77149.62342172011,-30.85984936868805,1
el-omrane,850.0,1101.1755520764225,-251.17555207642224,-29.550064950167325,1
ennasr,345000.0,375752.9110786571,-30752.91107865708,-8.913887269175966,1
cite-du-stade,250000.0,337547.07339339814,-87547.07339339814,-35.01882935735925,1
cite-el-khadhra,340000.0,380544.6756328733,-40544.67563287332,-11.924904597903916,1
cite-mohamed-ali,600000.0,480393.3431220513,119606.65687794871,19.934442812991453,1
cite-stah-jabeur,750.0,618.2447871781673,131.75521282183274,17.5673617095777,1
Bizerte Sud,53500.0,64219.63459012855,-10719.634590128551,-20.036700168464584,1
Bouficha,600.0,1163.81569354696,-563.8156935469599,-93.96928225782663,1
"er étage de villa situé dans un bon quartier à Mograne, Zaghouan",750.0,842.6220276146711,-92.62202761467108,-12.349603681956143,1
"er étage situé dans une résidence avec ascenseur à Borj Louzir, Ariana",120000.0,259203.0026229009,-139203.0026229009,-116.00250218575076,1
hedi-nouira-ariana,750.0,1099.8701282104985,-349.8701282104985,-46.64935042806647,1
"Hectares situé à Feriana, Kasserine",450000.0,257057.10572615516,192942.89427384487,42.87619872752108,1
"Idéalement situé à LIDO, Nabeul",1800.0,3048.423335967947,-1248.423335967947,-69.35685199821927,1
"Il Se Trouve À Cité El Hédi Nouira, Ariana",148000.0,216502.9160964949,-68502.91609649491,-46.28575411925332,1
Jamhour,400.0,590.3693508865076,-190.3693508865076,-47.592337721626905,1
Hamma-lif,500.0,862.2845952799344,-362.2845952799344,-72.45691905598687,1
Hammamet (Beni ouael),1500.0,2216.366345254401,-716.3663452544015,-47.75775635029344,1
Hammamet-Sud,3500.0,4183.566800957532,-683.566800957532,-19.530480027358056,1
Hay el Matar (Ras El Kef),450.0,710.4535909806823,-260.4535909806823,-57.87857577348496,1
carthage,2700.0,2370.6558049649298,329.34419503507024,12.197933149447046,1
centre-ville,292000.0,324284.0857070736,-32284.085707073624,-11.056193735299184,1
cite-des-jardins,1800.0,1445.487387690586,354.51261230941395,19.695145128300776,1
"au coeur du Centre Ville, Tunis",350000.0,219110.95626035865,130889.04373964138,37.39686963989753,1
"avec jardin à Jinen Beni Khiar, Nabeul",207000.0,193403.6216220434,13596.3783779566,6.568298733312367,1
"éme étage situé dans une résidence de haut standing avec double ascenseurs à Ennasr, Ariana",1050.0,1150.580597470218,-100.58059747021798,-9.57910452097314,1
"éme étage situé dans une résidence de haut standing à La Nouvelle Médina, Ben Arous",280000.0,234360.36786877736,45639.63213122264,16.299868618293797,1
"étage dans une résidence sans ascenseur à Nour Jaafer, Ariana",1000.0,1103.6308214153178,-103.63082141531775,-10.363082141531777,1
"étage situé dans un immeuble au coeur du centre ville de Lafayette, Tunis",420000.0,185779.00220703625,234220.99779296372,55.76690423641995,1
"étage situé dans une résidence à Centre Ville, Tunis",180000.0,149759.78949238552,30240.21050761448,16.800116948674713,1
العمران,1300.0,1123.6392406858824,176.36075931411756,13.56621225493212,1
المنانة,650.0,810.7259973503944,-160.72599735039444,-24.727076515445297,1
"situé à Beb Souika, Tunis",120000.0,136760.28984400674,-16760.289844006737,-13.966908203338946,1
"meublé à AFH Mrezga, Nabeul",550.0,983.4546694439516,-433.4546694439517,-78.80993989890031,1
"mois Description Un coquet appart jamais habité situé dans un quartier résidentiel à Cité Essahafa, Ariana",850.0,750.9219059565878,99.0780940434122,11.656246358048492,1
monastir-centre-ville,490000.0,182003.3925530129,307996.60744698707,62.85645049938512,1
montplaisir,6500.0,3076.20310042702,3423.79689957298,52.67379845496893,1
nouvelle-ariana,113000.0,180627.63760949465,-67627.63760949462,-59.84746691105718,1
pole-technologique,250000.0,309867.5823043164,-59867.5823043164,-23.94703292172656,1
"éme étage situé dans une résidence avec ascenseur à Borj Louzir, Ariana",650.0,1098.6254417998025,-448.6254417998023,-69.01929873843112,1
marsa-les-pins,250000.0,264483.03914813016,-14483.039148130165,-5.7932156592520645,1
"à Maamoura plage, Nabeul",338000.0,246112.42448213245,91887.57551786756,27.18567323013833,1
"à Sidi Mahrsi, Nabeul",3500.0,1446.4517476553362,2053.5482523446635,58.672807209847534,1
"éme étage richement meublé situé dans un immeuble à Cité Essahafa, Ariana",900.0,786.247923490105,113.752076509895,12.639119612210555,1
"éme étage situé dans un immeuble au coeur du centre ville de Lafayette, Tunis",1800.0,850.5123067608329,949.4876932391672,52.74931629106485,1
"éme étage situé dans une residence sans ascenseur à Ennkhilet, Ariana",800.0,914.145594356184,-114.145594356184,-14.268199294523,1
Bizerte,700.0,589.1597382900932,110.84026170990684,15.83432310141526,1
Beb Mnara,400.0,449.2561205749352,-49.25612057493515,-12.314030143733788,1
"située dans un quartier résidentiel à La Nouvelle Médina, Ben Arous",750000.0,612313.8845416693,137686.11545833072,18.35814872777743,1
Alia,500.0,3298.2933230235344,-2798.2933230235344,-559.6586646047068,1
Al Qasr Al Mohamdia,300.0,317.2456974895373,-17.245697489537292,-5.748565829845765,1
st-clement,450000.0,383854.77144587255,66145.22855412745,14.69893967869499,1
"une résidence à Borj Louzir, Ariana",130000.0,211943.505096443,-81943.505096443,-63.033465458802304,1
zone-activite-kheireddine,539994.0,382672.6995760562,157321.3004239438,29.133897862558435,1
Ain Draham,25000.0,103113.32459456052,-78113.32459456053,-312.4532983782421,1
