,prix
3142,355000.0
2488,238000.0
433,80000.0
2046,440000.0
371,224000.0
3411,250000.0
3926,190000.0
2009,110000.0
700,370000.0
3967,350000.0
644,300000.0
3832,390000.0
4100,249600.0
1444,200000.0
1508,250000.0
949,170000.0
3252,420000.0
3812,450000.0
246,470000.0
3231,210000.0
734,270000.0
505,450000.0
3447,340000.0
807,160000.0
2258,210000.0
3610,220000.0
2892,150000.0
978,189999.0
108,535000.0
4055,650000.0
1740,185000.0
3691,320000.0
3059,430000.0
4007,180000.0
543,400000.0
1625,322000.0
2444,350000.0
1944,370000.0
259,220000.0
811,250000.0
2061,292000.0
1721,185000.0
612,150000.0
1221,180000.0
2212,450000.0
1001,280000.0
485,340000.0
2229,325000.0
3705,690000.0
3865,190000.0
258,300000.0
386,480000.0
2554,190000.0
1736,280000.0
2836,335000.0
1661,370000.0
2906,380000.0
1547,650000.0
209,250000.0
3849,130000.0
2935,180000.0
1584,320000.0
2683,197000.0
2489,175000.0
596,230000.0
1802,600000.0
2107,310000.0
296,275400.0
1600,285000.0
507,370000.0
7,420000.0
3746,340000.0
3144,400000.0
2703,97000.0
2063,418400.0
3309,145000.0
3222,170000.0
2859,240000.0
1513,340000.0
4130,490000.0
2795,380000.0
790,140000.0
3336,160000.0
3572,430000.0
2018,325000.0
1104,526000.0
2745,180000.0
96,105000.0
43,185000.0
1094,210000.0
969,415000.0
903,165000.0
1363,140000.0
25,149000.0
2215,340000.0
2230,160000.0
679,220000.0
2095,150000.0
781,300000.0
2914,255000.0
3854,313250.0
1322,500000.0
1251,380000.0
1157,160000.0
3050,240000.0
3043,155000.0
965,240000.0
4012,180000.0
3836,85000.0
67,128000.0
2776,190000.0
3900,500000.0
1928,178000.0
1538,320000.0
2363,270000.0
31,350000.0
2116,490000.0
1064,570000.0
2915,115000.0
1034,420000.0
610,250000.0
3562,235000.0
570,395000.0
3943,190000.0
343,500000.0
1743,255000.0
3051,400000.0
678,380000.0
4137,90000.0
3129,250000.0
879,320000.0
3403,350000.0
2451,320000.0
3182,206000.0
1863,200000.0
56,350000.0
1516,280000.0
3957,245000.0
2545,18190.0
3996,590000.0
2127,150000.0
3689,330000.0
576,175000.0
915,335000.0
1056,89000.0
2494,240000.0
2485,453600.0
528,335000.0
176,404000.0
929,120000.0
422,190000.0
680,280000.0
1237,330000.0
1864,390000.0
1706,280000.0
1011,260000.0
572,275000.0
3212,265000.0
3410,620000.0
288,85000.0
2338,307000.0
2624,450000.0
1995,650000.0
1991,130000.0
1501,160000.0
3645,125000.0
177,340000.0
1804,175000.0
1268,350000.0
1594,240000.0
907,450000.0
1773,215000.0
3203,185000.0
2533,190000.0
370,290000.0
3521,165000.0
1735,180000.0
932,215000.0
729,400000.0
598,600000.0
4103,160000.0
1114,160000.0
2786,180000.0
4230,190000.0
2832,140000.0
3439,216000.0
1833,310000.0
141,350000.0
3508,395000.0
4153,246000.0
491,450000.0
665,300000.0
4119,185000.0
1116,250000.0
198,450000.0
2902,350000.0
654,148000.0
471,280000.0
1233,450000.0
3272,500000.0
759,165000.0
1295,280000.0
2187,220000.0
3021,90000.0
69,650000.0
2788,320000.0
3237,360000.0
2125,95000.0
195,140000.0
532,170000.0
3703,100000.0
874,140000.0
2365,380000.0
2249,420000.0
3673,490000.0
2830,30000.0
3647,380000.0
227,350000.0
812,289000.0
840,370000.0
555,265000.0
581,365000.0
3090,150000.0
2067,680000.0
1797,430000.0
990,150000.0
1023,210000.0
1334,340000.0
847,180000.0
905,390000.0
631,595000.0
3906,260000.0
1511,320000.0
2742,317000.0
162,250000.0
1942,265000.0
219,170000.0
1419,520000.0
1916,317000.0
2345,120000.0
3668,320000.0
1298,260000.0
925,140000.0
1692,443000.0
547,675000.0
1185,250000.0
1075,580000.0
3436,120000.0
4120,129000.0
568,210000.0
1097,89000.0
1450,250000.0
1499,450000.0
2008,185000.0
2618,150000.0
3143,215000.0
611,185000.0
3293,300000.0
3898,690000.0
1396,330000.0
2626,300000.0
742,140000.0
637,240000.0
3899,410000.0
3344,125000.0
1987,128000.0
1602,125000.0
48,390000.0
1782,185000.0
921,200000.0
3923,350000.0
756,235000.0
1558,280000.0
2275,200000.0
3119,365000.0
2214,406000.0
1747,410000.0
1220,340000.0
3839,175000.0
1799,300000.0
3580,410000.0
2359,490000.0
4219,120000.0
2576,220000.0
2800,340000.0
1228,190000.0
3921,240000.0
1837,315000.0
2368,210000.0
3827,150000.0
3109,295000.0
2216,290000.0
2913,360000.0
3456,260000.0
2142,190000.0
2597,580000.0
3810,200000.0
1407,580000.0
4201,407000.0
3243,420000.0
2285,355000.0
3253,530000.0
867,238000.0
926,120000.0
997,282000.0
4255,260000.0
1235,190000.0
1421,420000.0
210,165000.0
1555,165000.0
59,150000.0
2251,190000.0
1281,185000.0
4179,595000.0
1106,200000.0
765,430000.0
1996,440000.0
1123,350000.0
1078,285000.0
2802,125000.0
1841,390000.0
1886,250000.0
2693,240000.0
582,200000.0
2841,200000.0
1446,160000.0
940,145000.0
1080,375000.0
187,185000.0
2108,170000.0
3480,250000.0
2678,392000.0
1309,235000.0
2035,297000.0
4066,250000.0
226,185000.0
1490,160000.0
535,220000.0
1113,570000.0
2796,235000.0
697,280000.0
1504,290000.0
3416,160000.0
3853,170000.0
1809,240000.0
1037,348000.0
208,290000.0
2831,420000.0
565,320000.0
313,500000.0
601,615000.0
233,270000.0
1164,650000.0
1911,320000.0
3342,139000.0
1456,240000.0
111,255600.0
2260,285000.0
1089,320000.0
2747,358000.0
1871,315000.0
1171,152000.0
1413,170000.0
472,250000.0
4173,595000.0
3862,650000.0
1733,295000.0
1634,249000.0
4233,320000.0
361,285000.0
135,130000.0
1134,120000.0
2407,475000.0
1053,245000.0
3463,613800.0
22,365000.0
1707,290000.0
1288,400000.0
1458,195000.0
695,110000.0
420,400000.0
2157,480000.0
460,210000.0
1067,330000.0
87,380000.0
282,240000.0
3435,607000.0
1213,150000.0
2508,230000.0
4110,195000.0
1200,320000.0
859,137000.0
533,450000.0
3631,150000.0
1476,480000.0
1313,250000.0
3981,300000.0
3283,124020.0
4146,450000.0
1941,320000.0
4227,255000.0
2182,485000.0
3856,265000.0
4021,240000.0
4190,540000.0
3843,220000.0
942,160000.0
4116,426930.0
4235,490000.0
3012,180000.0
3475,350000.0
887,230000.0
4048,200000.0
685,370000.0
413,285000.0
789,135000.0
3092,390000.0
1976,490000.0
2947,290000.0
3162,220000.0
1603,195000.0
2292,540000.0
272,410000.0
3852,395000.0
521,385000.0
522,475000.0
1768,220000.0
350,385000.0
4074,180000.0
2780,350000.0
3210,465000.0
3064,400000.0
651,138000.0
1340,240000.0
3609,350000.0
3944,160000.0
1338,385000.0
1940,190000.0
2820,325000.0
3511,355000.0
168,365000.0
3952,650000.0
962,300000.0
945,180000.0
462,270000.0
1902,365000.0
328,290000.0
3820,170000.0
2172,215000.0
367,170000.0
3619,495000.0
3101,410000.0
2102,223000.0
2966,350000.0
772,80000.0
2767,240000.0
3793,380000.0
3259,390000.0
498,270000.0
1586,135000.0
435,320000.0
365,165000.0
1901,450000.0
276,160000.0
3697,582700.0
2151,585000.0
1977,340000.0
407,105000.0
1868,155000.0
3005,250000.0
2377,420000.0
844,160000.0
2436,335000.0
2509,100000.0
2117,435000.0
1427,250000.0
2007,320000.0
3633,320000.0
1698,270000.0
3965,150000.0
855,580000.0
3559,260000.0
78,250000.0
944,265000.0
199,385000.0
3872,168000.0
1493,180000.0
801,277000.0
2314,160000.0
2899,160000.0
1628,184600.0
231,200000.0
1579,110000.0
1850,485000.0
2743,150000.0
2585,119999.0
2161,178000.0
1889,360000.0
3984,240000.0
1503,270000.0
4086,600000.0
1143,175000.0
4210,420000.0
191,670000.0
104,390000.0
3049,550000.0
3289,550000.0
1278,250000.0
4286,620000.0
1515,110000.0
2865,165000.0
1509,165000.0
1408,360000.0
3136,195000.0
3632,180000.0
2073,235000.0
2735,475000.0
2398,288000.0
1771,100000.0
4185,260000.0
2503,410000.0
1519,145000.0
3509,650000.0
994,387700.0
464,320000.0
4115,450000.0
1361,360000.0
3324,450000.0
2709,175000.0
1236,500000.0
2326,207400.0
1552,400000.0
212,100000.0
1036,250000.0
4151,355000.0
900,200000.0
3914,300000.0
3369,420000.0
741,120000.0
3693,690000.0
3189,260000.0
3743,100000.0
1206,130000.0
509,450000.0
597,350000.0
2176,180000.0
981,285000.0
1367,277000.0
3698,330000.0
518,315000.0
1970,240000.0
767,420000.0
2627,635000.0
2751,369000.0
421,308000.0
123,175000.0
1920,495000.0
2026,352000.0
1659,290000.0
819,295000.0
100,185000.0
3695,135000.0
1283,120000.0
3931,300000.0
3127,365000.0
3667,480000.0
1103,400000.0
2426,340000.0
3003,210000.0
3766,190000.0
1616,230000.0
3811,170000.0
3453,180000.0
3176,490000.0
982,200000.0
456,150000.0
3522,440000.0
3513,350000.0
2850,130000.0
381,220000.0
3975,340000.0
1949,350000.0
2371,435000.0
1010,310000.0
2760,216000.0
4284,220000.0
662,265000.0
1560,170000.0
1485,170000.0
3848,340000.0
1649,270000.0
3200,230000.0
3919,370000.0
3910,140000.0
2122,130000.0
845,260000.0
542,190000.0
91,370000.0
2515,150000.0
2941,125000.0
1196,120000.0
1102,350000.0
4150,388400.0
1623,190000.0
3536,330000.0
2118,420000.0
2430,185000.0
2033,497000.0
1048,371000.0
2851,380000.0
2946,145000.0
898,130000.0
1489,320000.0
237,550000.0
1819,390000.0
3949,170000.0
1133,390000.0
3394,360000.0
2721,245700.0
163,230000.0
2553,200000.0
1695,175000.0
252,273000.0
3566,280000.0
2296,400000.0
1795,285000.0
930,85000.0
2713,300000.0
1565,170000.0
1914,150000.0
2852,180000.0
3481,245000.0
2792,300000.0
4280,190000.0
1090,360000.0
3545,405000.0
2438,420000.0
1181,220000.0
593,412000.0
677,378000.0
41,380000.0
1500,560000.0
2297,230000.0
1966,295000.0
1793,270000.0
243,220000.0
1124,260000.0
1339,205000.0
3720,370000.0
2716,180000.0
1612,490000.0
261,250000.0
1470,550000.0
3192,93000.0
2647,205000.0
834,298000.0
3165,420000.0
1535,260000.0
3085,155000.0
1482,370000.0
340,85000.0
1731,170000.0
748,220000.0
1749,140000.0
480,110000.0
2115,175000.0
3106,315000.0
3592,255000.0
783,80000.0
4094,175000.0
1724,425000.0
2593,380000.0
3313,320000.0
1983,210000.0
3461,495000.0
1590,370000.0
2636,165000.0
2609,350000.0
3376,220000.0
1644,170000.0
1271,280000.0
1848,430000.0
1127,540000.0
626,198000.0
347,207000.0
1701,278000.0
2704,145000.0
2022,450000.0
979,100000.0
1425,170000.0
4027,170000.0
3717,380000.0
911,280000.0
4166,320000.0
632,365000.0
1611,320000.0
445,190000.0
617,525000.0
1997,320000.0
2381,190000.0
2495,114000.0
1853,315000.0
3224,255000.0
3544,390000.0
1467,165000.0
2950,230000.0
2134,170000.0
2041,365000.0
353,215000.0
1232,85000.0
613,550000.0
2933,216200.0
1925,130000.0
2256,210000.0
3960,220000.0
2490,165000.0
4013,120000.0
57,320000.0
1875,280000.0
1982,335000.0
3180,130000.0
1253,150000.0
3476,100000.0
2462,345000.0
2246,345000.0
2027,491400.0
2905,260000.0
4068,450000.0
1683,150000.0
560,320000.0
707,355000.0
3351,260000.0
424,110000.0
1093,260000.0
1377,510000.0
647,450000.0
72,360000.0
2541,280000.0
1744,380000.0
3968,250000.0
1005,185000.0
620,345000.0
2354,190000.0
3903,99000.0
553,395000.0
3958,175000.0
2680,380000.0
3734,250000.0
2171,345000.0
2791,308000.0
998,260000.0
1999,340000.0
1559,155000.0
4016,135000.0
1398,240000.0
3888,320000.0
2075,223000.0
4272,335000.0
2234,558000.0
2739,350000.0
440,150000.0
508,686000.0
1100,200000.0
589,260000.0
1812,450000.0
649,475000.0
3875,460000.0
4202,396000.0
2236,510000.0
4133,195000.0
1933,590478.0
1457,340000.0
1957,360000.0
660,400000.0
630,130000.0
672,200000.0
1249,180000.0
2470,325000.0
482,500000.0
2669,250000.0
3568,395000.0
1790,197000.0
1464,160000.0
2781,185000.0
3135,215000.0
2288,372000.0
856,210000.0
1225,470000.0
1190,130000.0
4268,350000.0
530,220000.0
2653,220000.0
49,690000.0
1653,140000.0
858,245000.0
1658,250000.0
1072,565000.0
719,200000.0
1926,265000.0
2081,280000.0
3066,185000.0
4121,160000.0
2225,98000.0
3010,200000.0
2087,125000.0
3033,160000.0
1729,85000.0
3018,210000.0
3822,150000.0
4050,390000.0
2028,530000.0
1730,380000.0
1643,255000.0
2867,200000.0
1386,235000.0
1400,250000.0
1195,295000.0
4023,185000.0
1477,240000.0
1870,285000.0
3672,320000.0
2237,147000.0
297,300000.0
2846,230000.0
1264,430000.0
1954,140000.0
958,500000.0
4025,280000.0
3597,170000.0
1783,350000.0
2324,250000.0
1375,230000.0
1286,255000.0
4281,510000.0
349,145000.0
1369,370000.0
3455,250000.0
643,400000.0
1718,430000.0
1884,390000.0
669,285000.0
3851,435000.0
2029,280000.0
3391,240000.0
1676,166000.0
1179,410000.0
4271,451000.0
2123,265000.0
1836,149000.0
1589,250000.0
3257,450000.0
2168,125000.0
3794,120000.0
1358,295000.0
786,390000.0
3804,250000.0
140,640000.0
788,250000.0
323,280000.0
2691,178500.0
714,348600.0
2516,185000.0
4064,281945.0
3928,390000.0
2250,186000.0
3512,561000.0
2622,450000.0
618,360000.0
406,140000.0
1898,115000.0
1880,135000.0
1751,245000.0
1865,137000.0
2333,320000.0
497,180000.0
2167,155000.0
342,343000.0
3537,165000.0
4223,80000.0
782,395000.0
1323,120000.0
3496,490000.0
4241,360000.0
303,340000.0
3380,165000.0
3644,160000.0
664,379000.0
1177,170000.0
1244,160000.0
2360,250000.0
3514,392000.0
3091,190000.0
3764,210000.0
3556,293000.0
84,155000.0
3000,160000.0
941,240000.0
961,450000.0
841,160000.0
2425,308000.0
2687,235000.0
3261,395000.0
1895,400000.0
3728,285000.0
4215,380000.0
290,105000.0
3409,232500.0
3382,100000.0
1824,660000.0
3490,420000.0
3842,90000.0
604,490000.0
2911,235000.0
916,420000.0
4147,314000.0
2369,260000.0
1099,150000.0
1088,260000.0
4062,300000.0
2803,250000.0
1626,240000.0
2476,385000.0
821,320000.0
2082,250000.0
2422,230000.0
4081,600000.0
3348,350000.0
3464,355000.0
1302,490000.0
1000,280000.0
3422,195000.0
1960,280000.0
1507,328719.0
1479,87000.0
18,690000.0
1639,80000.0
1669,360000.0
493,110000.0
1125,340000.0
1405,390000.0
3194,135000.0
3056,89000.0
2277,408000.0
2374,190000.0
3736,120000.0
2833,140000.0
584,240000.0
2245,100000.0
687,350000.0
3641,180000.0
2198,168000.0
3922,220000.0
1610,450000.0
2674,135000.0
3084,270000.0
1009,193000.0
3320,480000.0
2220,245000.0
360,235000.0
3551,185000.0
3879,250000.0
2522,155000.0
1679,325000.0
1310,135000.0
2828,160000.0
3383,240000.0
4245,305000.0
2308,270000.0
344,155000.0
986,143000.0
3501,306000.0
743,210000.0
3022,275000.0
1673,210000.0
2706,312000.0
1866,280000.0
113,195000.0
1439,300000.0
1779,220000.0
1241,510000.0
1142,185000.0
2320,350000.0
1216,120000.0
1198,285000.0
85,490000.0
1520,635000.0
2736,165000.0
1382,250000.0
3881,430000.0
668,210000.0
1014,330000.0
128,420000.0
1365,370000.0
3256,320000.0
2644,330000.0
891,274000.0
2540,420000.0
1360,165000.0
307,240000.0
3961,200000.0
383,350000.0
150,320000.0
1317,180000.0
1453,430000.0
1854,600000.0
2580,135000.0
426,315000.0
494,620000.0
1207,179999.0
2909,98000.0
2881,220000.0
1208,600000.0
3123,365000.0
3338,255075.0
2975,85000.0
1816,130000.0
1239,350000.0
2866,320000.0
2094,457000.0
275,160000.0
489,695000.0
1981,650000.0
1229,130000.0
690,130000.0
3450,244000.0
3241,245000.0
1881,675000.0
1952,450000.0
1784,185000.0
2985,205061.0
2771,320000.0
1058,315000.0
118,550000.0
1024,170000.0
3132,353000.0
281,282000.0
2254,290000.0
1316,340000.0
3191,325000.0
968,195000.0
1667,160000.0
3327,128000.0
2732,150000.0
2222,343000.0
619,145000.0
1746,230000.0
3405,230000.0
155,525000.0
4180,350000.0
1657,340000.0
3234,420000.0
304,250000.0
2562,350000.0
3543,285000.0
3648,370000.0
4291,160000.0
3045,415000.0
1307,350000.0
3122,365000.0
575,195000.0
2577,295000.0
3582,550000.0
3665,195000.0
1710,190000.0
2382,220000.0
1299,160000.0
132,550000.0
3032,360000.0
3310,320000.0
3081,330000.0
843,270000.0
1805,450000.0
1630,592000.0
2869,180000.0
269,320000.0
629,170000.0
1734,250000.0
1033,475000.0
2227,335000.0
286,320000.0
1326,250000.0
2996,170000.0
300,495000.0
3280,220000.0
3998,620000.0
1449,170000.0
1474,160000.0
2847,190000.0
3642,560000.0
1186,135000.0
65,250000.0
3013,300000.0
890,680000.0
3174,380000.0
3638,540000.0
1770,420000.0
2469,380000.0
2024,290000.0
230,250000.0
503,240000.0
2287,154000.0
2759,376846.0
380,360000.0
4020,138000.0
1527,370000.0
2210,150000.0
2013,335000.0
1004,290000.0
836,680000.0
2286,439296.0
374,180000.0
2049,185000.0
4253,220000.0
3009,117000.0
939,327000.0
1321,275000.0
2491,450000.0
4136,260000.0
751,214000.0
99,120000.0
1545,310000.0
2464,160000.0
866,355000.0
1764,400000.0
910,220000.0
2121,450000.0
1577,170000.0
529,220000.0
1260,130000.0
1951,170000.0
2375,1700000.0
636,240000.0
1269,430000.0
185,450000.0
2465,270000.0
3220,350000.0
2180,302000.0
1801,320000.0
931,80000.0
1443,250000.0
2362,120000.0
3131,380000.0
2159,490000.0
1537,240000.0
865,195000.0
4045,195000.0
1273,185000.0
2746,370000.0
2280,140000.0
607,110000.0
2598,391000.0
1716,105000.0
4193,200000.0
151,340000.0
4263,450000.0
2871,175000.0
1406,450000.0
4171,195000.0
731,180000.0
2131,130000.0
2502,265000.0
3863,300000.0
23,370000.0
3499,280000.0
158,400000.0
1752,635000.0
861,278880.0
1844,155000.0
2233,194000.0
902,230000.0
352,265000.0
1230,175000.0
3678,319000.0
444,580000.0
4197,400117.0
754,245000.0
1741,220000.0
923,250000.0
1668,400000.0
4249,396000.0
2809,270000.0
311,160000.0
1376,600000.0
548,380000.0
3735,248000.0
1750,680000.0
2219,475000.0
3225,245000.0
1839,155000.0
306,120000.0
287,500000.0
694,180000.0
308,180000.0
3282,239000.0
1760,160000.0
1931,225000.0
3168,230000.0
3964,160000.0
749,120000.0
1592,195000.0
1170,300000.0
2032,170000.0
1266,170000.0
4285,87000.0
2642,385000.0
908,374000.0
2181,150000.0
86,190000.0
3265,315000.0
2084,275000.0
3451,250000.0
970,185000.0
13,690000.0
873,650000.0
1727,180000.0
808,205000.0
3590,290000.0
514,215000.0
4191,150000.0
409,355000.0
2148,267000.0
1337,230000.0
1415,295000.0
3080,225000.0
207,180000.0
2557,110000.0
458,150000.0
6,350000.0
382,200000.0
2315,110000.0
2959,386100.0
2006,270000.0
3550,250000.0
2677,415000.0
1887,240000.0
1717,250000.0
2696,260000.0
3520,300000.0
2199,310000.0
1394,160000.0
552,325000.0
3954,580000.0
222,300000.0
1383,185000.0
1096,129000.0
3623,650000.0
8,150000.0
1929,268000.0
634,235000.0
3915,235507.0
316,365000.0
3666,280000.0
3709,310000.0
1328,160000.0
427,250000.0
2128,550000.0
105,465000.0
2163,555000.0
142,240000.0
121,320000.0
2099,160000.0
3249,330000.0
4090,250000.0
1189,110000.0
2605,260000.0
3627,428000.0
3740,259000.0
1693,509000.0
115,160000.0
2183,685000.0
1956,510000.0
1953,227000.0
3840,150000.0
3739,190000.0
800,350000.0
4106,175000.0
3977,175000.0
2785,98000.0
2727,330000.0
4288,185000.0
1955,92000.0
2681,260000.0
3460,355000.0
1109,218000.0
3044,155000.0
591,410000.0
3956,320000.0
1578,250000.0
2566,135000.0
213,305000.0
778,510000.0
2889,385000.0
2399,140000.0
2047,270000.0
3425,280000.0
3507,175000.0
2459,182000.0
1569,260000.0
3111,190000.0
3731,265000.0
2263,350000.0
3835,260000.0
1343,185000.0
2017,550000.0
273,350000.0
71,330000.0
1087,145000.0
394,280000.0
583,200000.0
4149,536000.0
4057,650000.0
2692,140000.0
3883,170000.0
3925,590000.0
2231,530000.0
1767,160000.0
3096,295000.0
1259,680000.0
526,440000.0
377,550000.0
1561,175000.0
2466,370000.0
1967,250000.0
3772,170000.0
348,285000.0
2753,150000.0
1713,487200.0
1050,150000.0
590,385000.0
519,305000.0
3341,330000.0
2712,240000.0
1083,115000.0
2619,340000.0
4292,500000.0
1813,460000.0
4162,135000.0
792,290000.0
2815,280000.0
1984,279000.0
2528,380000.0
2135,155000.0
1532,250000.0
1411,280000.0
3688,487000.0
3277,533600.0
83,320000.0
3474,250000.0
20,120000.0
2158,248000.0
1564,420000.0
973,170000.0
1714,147000.0
2581,640000.0
1098,225000.0
886,160000.0
2332,87000.0
3185,97000.0
3515,312000.0
737,115000.0
1455,178000.0
2574,281000.0
3711,310000.0
2130,92000.0
906,460000.0
2307,263200.0
3001,90000.0
947,195000.0
2455,501600.0
4248,360000.0
715,100000.0
2641,200000.0
686,295000.0
3570,295000.0
3262,330000.0
4258,190000.0
885,200000.0
917,265000.0
2396,250000.0
2487,444000.0
1265,186000.0
483,198000.0
3076,470000.0
3626,300000.0
277,265000.0
988,269000.0
2088,285000.0
1245,410000.0
571,158000.0
1437,155000.0
993,105000.0
2178,180000.0
2174,538118.0
585,210000.0
1350,170000.0
1007,120000.0
674,400000.0
447,150000.0
3901,395000.0
3079,254000.0
2068,160000.0
3274,245000.0
2458,200000.0
1694,170000.0
3524,178500.0
1247,250000.0
1989,245000.0
294,360000.0
1549,165000.0
2016,340000.0
588,195000.0
2133,92000.0
3153,225000.0
425,208000.0
1054,350000.0
3468,110000.0
556,120000.0
4273,237000.0
2556,250000.0
3727,220000.0
3724,120000.0
2698,330000.0
1193,220000.0
1720,330000.0
2761,475000.0
4189,180000.0
4205,255000.0
2387,430000.0
1285,125000.0
3057,180000.0
2682,351000.0
3472,185000.0
2091,260000.0
1893,130000.0
1593,145000.0
4259,320000.0
2166,300000.0
2303,407000.0
3337,325000.0
1137,250000.0
3137,195000.0
4015,338000.0
4042,320000.0
1715,220000.0
3446,206000.0
453,450000.0
913,260000.0
2670,176000.0
1199,245000.0
1274,200000.0
37,320000.0
974,200000.0
983,410000.0
2819,150000.0
1420,167000.0
1562,350000.0
39,195000.0
1488,420000.0
3486,200000.0
169,265000.0
1356,495000.0
3753,175000.0
3815,175000.0
2604,261670.0
2617,350000.0
1642,180000.0
1290,182000.0
1381,330000.0
1937,375000.0
579,650000.0
2034,580000.0
892,140000.0
780,430000.0
159,340000.0
2,140000.0
3437,450000.0
849,185000.0
3510,265000.0
1598,200000.0
1780,350000.0
1917,195000.0
1043,250000.0
1546,170000.0
2351,300000.0
53,200000.0
4129,280000.0
1915,590000.0
2675,170000.0
824,430000.0
3785,195000.0
1390,135000.0
3402,110000.0
2452,158000.0
1609,350000.0
1596,387000.0
771,142000.0
1872,380000.0
1085,295000.0
2714,265000.0
1325,325000.0
1465,290000.0
806,115000.0
2378,175000.0
2415,436000.0
2112,265000.0
2860,215000.0
4213,200000.0
2238,200000.0
963,320000.0
398,175000.0
3999,310000.0
704,130000.0
431,235000.0
292,200000.0
4037,270000.0
145,270000.0
2037,190000.0
2824,250000.0
1165,165000.0
2054,293000.0
3140,345000.0
339,390000.0
2329,520000.0
265,470000.0
3207,350000.0
1775,185000.0
271,185000.0
696,400000.0
4256,236000.0
244,270000.0
4006,110000.0
476,308000.0
2036,645000.0
3546,490000.0
2463,250000.0
813,190000.0
1918,100000.0
3519,390000.0
4221,110000.0
1808,450000.0
2918,350000.0
250,150000.0
545,200000.0
738,135000.0
310,140000.0
1131,395000.0
1451,230000.0
4156,260000.0
15,250000.0
3681,275950.0
2812,165000.0
3325,450000.0
363,250000.0
182,230000.0
1194,425000.0
2410,200000.0
1121,210000.0
4159,236000.0
1182,190000.0
2980,350000.0
614,225000.0
1468,165000.0
401,120000.0
934,180000.0
2620,190000.0
3896,510000.0
726,140000.0
826,148000.0
1523,348000.0
136,250000.0
628,398000.0
334,225000.0
390,120000.0
3150,280000.0
1821,540000.0
3813,145000.0
710,250000.0
1039,290000.0
2591,165000.0
3616,120000.0
1563,290000.0
3905,350000.0
3492,125000.0
1112,160000.0
1223,450000.0
4243,336000.0
1510,130000.0
1754,243000.0
3790,315000.0
338,220000.0
215,120000.0
1341,250000.0
3485,180000.0
3992,200000.0
2555,189000.0
2423,310000.0
2688,185000.0
2334,460000.0
101,620000.0
3263,450000.0
171,220000.0
107,585000.0
2808,245000.0
4275,125000.0
2982,350000.0
2650,498923.0
4265,210000.0
2700,235507.0
2663,260000.0
3071,435000.0
3201,265000.0
3587,389000.0
1040,100000.0
2790,480000.0
2124,171000.0
1526,350000.0
3560,320000.0
2252,447000.0
481,360000.0
2854,325000.0
3011,240000.0
1766,310000.0
3375,125000.0
3528,340000.0
2954,169000.0
2717,358000.0
405,255000.0
757,165000.0
2583,340000.0
97,160000.0
1333,140000.0
3278,400000.0
3927,380000.0
2603,220000.0
2062,395000.0
2816,330000.0
148,630000.0
28,180000.0
3712,320000.0
2606,395000.0
692,255000.0
1387,415000.0
1849,265000.0
3390,120000.0
1601,270000.0
701,160000.0
1712,495000.0
454,260000.0
2044,310000.0
2794,250000.0
2325,300000.0
609,240000.0
167,180000.0
730,420000.0
2901,215000.0
3787,120000.0
2629,135000.0
1624,270000.0
587,97000.0
1402,170000.0
1704,220000.0
2957,360000.0
3244,350000.0
1380,260000.0
2093,152000.0
2179,514701.0
2904,260000.0
2529,100000.0
3354,298000.0
441,351000.0
2055,425000.0
1301,95000.0
4076,635000.0
1304,360000.0
236,250000.0
520,473000.0
735,170000.0
3716,380000.0
2110,290000.0
592,135000.0
1303,170000.0
1388,160000.0
2563,330000.0
3029,179000.0
3959,299000.0
904,358000.0
3692,340000.0
1279,160000.0
3297,320000.0
4108,200000.0
2313,220000.0
3276,380000.0
3397,200000.0
3269,600000.0
706,320000.0
3696,380000.0
745,350000.0
1943,335000.0
3235,300000.0
513,360000.0
81,120000.0
1308,135000.0
3452,330000.0
914,620000.0
3913,400000.0
3893,80000.0
774,240000.0
329,295000.0
2058,370000.0
2005,380000.0
943,230000.0
822,370000.0
909,200000.0
181,250000.0
164,410000.0
1525,90000.0
451,330000.0
1311,180000.0
1111,180000.0
3694,265000.0
1287,320000.0
327,620000.0
1794,495000.0
2570,150000.0
3719,190000.0
2011,140000.0
1862,228000.0
312,250000.0
832,270000.0
1201,298000.0
3161,475000.0
2594,80000.0
2138,255000.0
2213,415000.0
3171,175000.0
1483,135000.0
777,350000.0
799,295000.0
54,145000.0
1924,325000.0
3602,450000.0
3248,180000.0
1705,380000.0
2165,272000.0
3994,315000.0
987,224000.0
2891,270000.0
1395,260000.0
768,210000.0
3715,110000.0
285,140000.0
3891,160000.0
428,185000.0
2348,350000.0
2083,242000.0
722,490000.0
951,168000.0
3118,215000.0
2266,380000.0
989,235000.0
3966,310000.0
2689,197000.0
326,180000.0
1384,170000.0
1728,310000.0
1086,80000.0
3314,350000.0
341,379500.0
147,345000.0
3904,260000.0
1107,170000.0
848,130000.0
966,350000.0
3392,280000.0
2207,265000.0
661,178000.0
1002,220000.0
3202,270000.0
3487,442000.0
3613,350000.0
3718,320000.0
1883,200000.0
4010,420000.0
1203,370000.0
1994,450000.0
24,250000.0
4002,250000.0
3065,130000.0
2764,400000.0
4053,284000.0
875,380000.0
4279,430000.0
938,440000.0
2440,271000.0
3471,290000.0
4251,340000.0
385,355000.0
3332,550000.0
3473,320000.0
2974,205000.0
2295,290000.0
2783,192000.0
936,250000.0
3593,280000.0
2389,345600.0
4178,280000.0
1332,140000.0
1938,182000.0
935,290000.0
2481,238000.0
566,115000.0
1858,190000.0
3331,380000.0
2543,255000.0
1647,630000.0
3270,200000.0
1796,185000.0
1432,590000.0
3169,330000.0
1013,350000.0
1932,305000.0
3067,290000.0
126,340000.0
2789,150000.0
1348,500000.0
355,250000.0
827,360000.0
1641,350000.0
984,185000.0
2192,120000.0
3540,300000.0
2512,268677.0
362,400000.0
2373,540000.0
345,240000.0
2731,415000.0
3530,350000.0
711,200000.0
2822,150000.0
2768,430000.0
10,250000.0
3317,155000.0
2120,135000.0
1838,345000.0
793,280000.0
3918,256000.0
94,130000.0
129,350000.0
2408,135000.0
3125,365000.0
4152,220000.0
2267,260000.0
1904,210000.0
2960,190000.0
3288,170000.0
1936,200000.0
4238,360000.0
1869,170000.0
1660,270000.0
516,267000.0
1861,175000.0
2247,395000.0
1277,640000.0
4131,120000.0
950,255000.0
1120,210000.0
2701,200000.0
2208,315000.0
419,220000.0
922,160000.0
2979,200000.0
477,180000.0
2039,280000.0
2942,230000.0
1696,390000.0
2998,610000.0
1473,144000.0
2705,190000.0
1202,200000.0
2506,260000.0
2734,290000.0
1671,165000.0
3940,190000.0
1974,190000.0
2155,510000.0
820,140000.0
2001,130000.0
4093,400000.0
1248,390000.0
2973,180000.0
3726,170000.0
2194,240000.0
3649,115000.0
1046,420000.0
1892,105000.0
2547,250000.0
615,105000.0
1318,280000.0
4117,398040.0
4167,320000.0
4184,260000.0
2140,215000.0
3385,480000.0
1776,195000.0
4218,407000.0
131,250000.0
3555,118000.0
77,165000.0
2056,147000.0
724,360000.0
1314,480000.0
1855,360000.0
4175,230000.0
3774,250000.0
3440,220000.0
1373,160000.0
1859,155000.0
1319,350000.0
2660,105000.0
4101,275000.0
3374,530000.0
2924,170000.0
375,185000.0
1912,315000.0
333,440000.0
3072,480000.0
3636,310000.0
2397,338000.0
1606,320000.0
1118,220000.0
4032,345000.0
1947,395000.0
3083,155000.0
2414,475000.0
3494,487200.0
1342,250000.0
320,200000.0
1621,225000.0
3366,650000.0
2064,295000.0
2223,347000.0
1675,350000.0
1946,120000.0
260,150000.0
3218,240000.0
2043,490000.0
689,350000.0
901,115000.0
2311,307000.0
2030,300000.0
138,320000.0
1921,360000.0
1832,280000.0
1575,280000.0
319,240000.0
653,260000.0
2141,125000.0
3170,260000.0
558,220000.0
2191,350000.0
112,210000.0
531,107000.0
224,420000.0
723,310000.0
3334,128000.0
3578,545000.0
1435,380000.0
2411,250000.0
3183,180000.0
3290,120000.0
1460,230000.0
3818,435000.0
846,165000.0
193,105000.0
1466,125000.0
2729,512000.0
946,195000.0
2025,163000.0
2645,340000.0
1631,382000.0
117,150000.0
645,300000.0
1874,680000.0
3,200000.0
74,595000.0
1759,135000.0
467,190000.0
5,140000.0
1246,670000.0
919,260000.0
2699,500000.0
228,209000.0
1063,300000.0
2694,380000.0
242,275000.0
3107,165000.0
1160,160000.0
3484,110000.0
3985,495000.0
2665,165000.0
2793,560000.0
1528,200000.0
1607,270000.0
3955,315000.0
4262,200000.0
2843,295000.0
3838,470000.0
3533,120000.0
1993,250000.0
3214,350000.0
2391,470000.0
1979,620000.0
1765,350000.0
1305,450000.0
2888,178000.0
1543,150000.0
3634,135000.0
2550,350000.0
2756,150000.0
622,130000.0
4207,320000.0
1495,150000.0
110,240000.0
2279,90000.0
3086,690000.0
1169,135000.0
3387,480000.0
232,170000.0
66,245000.0
4246,284000.0
2076,198000.0
2196,135000.0
536,140000.0
125,380000.0
2137,190000.0
1254,210000.0
3438,190000.0
1980,297000.0
4142,95000.0
3947,490000.0
2079,260000.0
484,155000.0
1656,350000.0
4031,380000.0
3087,360000.0
3454,280000.0
3301,220000.0
1778,380000.0
2467,208000.0
3798,560000.0
918,310000.0
1648,180000.0
1026,130000.0
1030,350000.0
882,440000.0
1335,135000.0
2895,90000.0
3478,180000.0
2848,180000.0
364,190000.0
2129,108000.0
27,320000.0
473,180000.0
525,95000.0
725,220000.0
55,580000.0
638,170000.0
302,145000.0
2925,180000.0
3640,350000.0
1276,360000.0
3686,327000.0
624,350000.0
2059,320000.0
1280,260000.0
1049,210000.0
336,330000.0
47,350000.0
106,550000.0
2449,160000.0
1079,390000.0
2290,550000.0
2265,340000.0
1144,160000.0
3275,385000.0
2300,380500.0
3030,260000.0
1840,450000.0
1757,150000.0
1101,185000.0
1972,320000.0
3093,120000.0
3885,110000.0
523,100000.0
2284,391000.0
2825,390000.0
1430,242000.0
2685,380000.0
3639,175000.0
603,230000.0
1491,250000.0
3213,265000.0
3876,244000.0
60,320000.0
3895,250000.0
671,270000.0
92,240000.0
666,185000.0
1891,310000.0
280,250000.0
1723,180000.0
359,330000.0
899,540000.0
1939,250000.0
1998,275000.0
3880,200000.0
760,240000.0
2162,190000.0
3664,420000.0
42,110000.0
2177,410294.0
204,330000.0
1475,275000.0
2104,550000.0
2697,245833.0
68,490000.0
1879,177000.0
3017,150000.0
3264,240000.0
2235,148000.0
137,265000.0
796,295000.0
2184,281000.0
2132,350000.0
758,445000.0
541,638000.0
1019,210000.0
3441,450000.0
165,241000.0
248,440000.0
1331,430000.0
2021,450000.0
446,210000.0
2561,227000.0
3110,155000.0
1359,580000.0
3034,218000.0
2149,169000.0
1329,260000.0
4266,250000.0
2951,130000.0
4160,180000.0
2154,560000.0
434,310000.0
2126,165000.0
577,559000.0
3102,200000.0
3281,195000.0
4092,490000.0
3884,275000.0
2517,490000.0
1852,260000.0
762,290000.0
388,350000.0
235,200000.0
3637,380000.0
1988,355000.0
267,210000.0
770,350000.0
2169,205000.0
437,450000.0
673,120000.0
249,200000.0
2205,210000.0
1576,300000.0
2146,470000.0
2085,380000.0
3658,320000.0
3573,279000.0
3882,95000.0
448,320000.0
1471,260000.0
716,120000.0
3292,215000.0
3650,140000.0
2052,420000.0
1905,340000.0
3963,340000.0
1168,160000.0
82,148000.0
3328,380000.0
2863,215000.0
1462,250000.0
2995,290000.0
1897,630000.0
1670,95000.0
2908,486500.0
2004,375000.0
475,325000.0
517,370000.0
3614,140000.0
404,190000.0
384,330000.0
3401,320000.0
2156,540000.0
1635,420000.0
4077,606000.0
688,320000.0
3359,245000.0
3073,380000.0
1240,240000.0
62,220000.0
852,220000.0
3897,240000.0
3418,170000.0
1262,176000.0
223,360000.0
2197,250000.0
373,165000.0
1828,335000.0
3517,315000.0
4095,132000.0
3620,250000.0
3777,240000.0
3070,486000.0
9,450000.0
2579,220000.0
1948,185000.0
1842,550000.0
708,350000.0
255,320000.0
3138,400000.0
1619,170000.0
389,370000.0
1583,195000.0
3173,490000.0
924,170000.0
4244,90000.0
3268,486000.0
2596,200000.0
2040,279700.0
3873,280000.0
1224,180000.0
3233,175000.0
2643,187000.0
1950,290000.0
739,400000.0
40,130000.0
868,260000.0
2945,180000.0
539,280000.0
2894,398000.0
4229,480000.0
2862,215000.0
1372,250000.0
1145,250000.0
1031,210000.0
372,273000.0
667,120000.0
3247,320000.0
357,250000.0
967,150000.0
3015,574000.0
2949,250000.0
1354,189000.0
1035,430000.0
3246,190000.0
470,400000.0
3612,180000.0
1397,430000.0
3662,159900.0
1551,170000.0
1256,273000.0
2098,240000.0
1557,115000.0
3605,170000.0
1250,240000.0
1703,225000.0
1252,205000.0
3920,340000.0
3948,250000.0
3141,200000.0
79,230000.0
1172,319000.0
814,160000.0
1856,200000.0
2224,125000.0
2858,205000.0
3671,450000.0
2109,140000.0
133,280000.0
1140,119000.0
933,450000.0
928,120000.0
823,165000.0
1533,250000.0
1214,150000.0
504,280000.0
4240,675000.0
2441,110000.0
2000,175000.0
2500,243000.0
1962,265000.0
1385,290000.0
894,375000.0
828,135000.0
4276,300000.0
2614,210000.0
1687,210000.0
3585,227000.0
3552,160000.0
3482,200000.0
652,240000.0
172,370000.0
38,220000.0
4082,500000.0
713,414000.0
90,350000.0
4222,450000.0
1205,110000.0
3130,130000.0
3413,320000.0
3601,399000.0
1831,330000.0
1155,220000.0
1324,180000.0
216,380000.0
510,190000.0
1682,220000.0
499,265000.0
3424,290000.0
1860,230000.0
1389,235000.0
1521,420000.0
2429,670000.0
4065,399000.0
2080,290000.0
1542,260000.0
1217,130000.0
2807,180000.0
4088,535000.0
3216,170000.0
1418,388800.0
2221,420000.0
3489,236000.0
1678,240000.0
1197,320000.0
1544,325000.0
3178,205000.0
2632,165000.0
953,540000.0
3322,129000.0
2744,200000.0
750,250000.0
2839,175000.0
234,430000.0
732,450000.0
4283,230000.0
1156,140000.0
3584,180000.0
2514,150000.0
3204,130000.0
1209,180000.0
1065,428000.0
2160,490000.0
1062,220000.0
2722,279000.0
1167,180000.0
1494,212000.0
3146,305000.0
3219,500000.0
3340,295000.0
3414,190000.0
3395,170000.0
884,470000.0
143,320000.0
4204,407700.0
850,340000.0
2948,250000.0
717,130000.0
4234,490000.0
2586,350000.0
264,450000.0
75,260000.0
2573,254500.0
395,595000.0
3534,190000.0
2228,250000.0
3333,165000.0
3979,110000.0
396,245000.0
1366,340000.0
3462,220000.0
1907,520000.0
595,220000.0
2113,315000.0
1296,185000.0
1825,310000.0
872,210000.0
4073,370000.0
4161,340000.0
2341,220000.0
1550,490000.0
36,120000.0
2844,200000.0
3504,180000.0
2147,285000.0
3549,331000.0
977,195000.0
1573,280000.0
1122,330000.0
2952,240000.0
2243,255000.0
3186,380000.0
2588,87000.0
1896,340000.0
675,565600.0
2983,250000.0
3306,250000.0
728,248000.0
412,90000.0
3406,395000.0
1518,238000.0
1651,535000.0
825,150000.0
616,120000.0
114,200000.0
417,160000.0
3307,210000.0
1627,195000.0
3245,175000.0
2772,90000.0
4198,220000.0
89,390000.0
3097,370000.0
3657,239000.0
2086,239000.0
753,160000.0
2640,182000.0
1632,329000.0
11,570000.0
2513,250000.0
284,241000.0
1066,620000.0
1191,650000.0
1442,240000.0
3988,285000.0
3982,560000.0
2884,335000.0
3829,255000.0
1570,345000.0
2492,270000.0
2883,300000.0
3589,178000.0
1691,225000.0
851,590000.0
2211,120000.0
895,157000.0
496,145000.0
2310,120000.0
1786,200000.0
335,350000.0
3028,400000.0
3330,155000.0
515,210000.0
1349,200000.0
1015,420000.0
2993,420000.0
3997,510000.0
3991,150000.0
2984,400000.0
3581,230000.0
4278,220000.0
1785,320000.0
2673,200000.0
1789,240000.0
2074,180000.0
356,640000.0
4067,350000.0
1312,210000.0
1637,180000.0
550,200000.0
2434,450000.0
2558,310000.0
2612,100000.0
2269,410000.0
3177,430000.0
1227,270000.0
3769,290000.0
3294,230000.0
957,145000.0
1777,295000.0
2145,257000.0
1008,275000.0
3371,392000.0
1092,280000.0
3747,130000.0
2893,490000.0
4052,500000.0
996,450000.0
1681,240000.0
153,305000.0
3407,265000.0
4125,392000.0
3112,324000.0
3024,320000.0
580,390000.0
1472,420000.0
703,155000.0
1212,275000.0
896,615000.0
487,305000.0
559,180000.0
1141,210000.0
1119,425000.0
3041,220000.0
512,270000.0
633,490000.0
3847,190000.0
1666,270000.0
1012,240000.0
1935,260778.0
1150,220000.0
3027,295000.0
3993,190000.0
116,200000.0
740,200000.0
3916,300000.0
1978,165000.0
1081,620000.0
1814,450000.0
830,320000.0
119,480000.0
656,230000.0
3869,80000.0
3797,240000.0
4187,320000.0
635,450000.0
369,320000.0
268,120000.0
2837,211000.0
3205,145000.0
3069,327000.0
3120,147000.0
46,630000.0
3941,250000.0
991,250000.0
876,155000.0
773,220000.0
1219,330000.0
1126,190000.0
4,390000.0
3285,300000.0
1597,170000.0
3377,198000.0
2317,330000.0
3273,490000.0
4099,650000.0
2572,276000.0
3284,210000.0
1077,265000.0
837,500000.0
681,392000.0
1719,235000.0
2376,138000.0
2723,550000.0
2390,360000.0
2201,80000.0
1148,130000.0
3548,580000.0
574,200000.0
50,115000.0
853,300000.0
1986,220000.0
2937,420000.0
1827,275000.0
833,145000.0
1115,175000.0
1166,110000.0
2608,395000.0
1910,230000.0
971,330000.0
2835,185000.0
399,155000.0
2659,250000.0
2401,140000.0
19,130000.0
684,170000.0
35,630000.0
3166,350000.0
4034,270000.0
3074,320000.0
524,285000.0
2525,320000.0
920,630000.0
1845,385000.0
1894,125000.0
537,155000.0
2981,90000.0
1709,220000.0
4186,160000.0
3362,330000.0
3532,190000.0
245,600000.0
3449,330000.0
784,540000.0
1410,480000.0
2630,330000.0
154,400000.0
3236,120000.0
1690,120000.0
3105,330000.0
3677,110000.0
625,380000.0
2877,250000.0
4105,300000.0
1346,376000.0
569,145000.0
4188,130000.0
1762,320000.0
1820,295000.0
2069,280000.0
127,690000.0
3635,580000.0
4261,140000.0
2010,457000.0
3195,550000.0
980,214000.0
4257,255000.0
190,265000.0
1139,180000.0
992,420000.0
699,210000.0
3870,230000.0
606,415000.0
180,130000.0
301,245000.0
2638,165000.0
3942,235600.0
1060,350000.0
4014,250000.0
4107,240000.0
2668,680000.0
1069,100000.0
2615,428000.0
2209,305000.0
1243,275000.0
3526,392000.0
16,550000.0
3373,435000.0
4264,680000.0
546,140000.0
658,400000.0
3821,198000.0
3304,410000.0
3877,290000.0
1506,246000.0
959,630000.0
3134,100000.0
2346,350000.0
797,110000.0
3663,280000.0
225,330000.0
2078,100000.0
3669,444000.0
1803,630000.0
2564,160000.0
4236,270000.0
3792,385000.0
2281,290000.0
2089,223000.0
1697,140000.0
2965,180000.0
1045,265000.0
469,120000.0
954,170000.0
4260,160000.0
2880,388864.0
4114,426930.0
639,340000.0
3945,155000.0
1218,200000.0
1158,160000.0
1417,160000.0
3837,680000.0
1529,260000.0
4174,420000.0
1300,250000.0
4091,160000.0
3038,520000.0
1605,395000.0
160,365000.0
1708,230000.0
956,398000.0
3516,165000.0
3068,200000.0
4165,120000.0
877,172820.0
1923,295000.0
3179,165000.0
1888,550000.0
2204,135000.0
98,200000.0
4030,200000.0
2655,180000.0
3457,165000.0
3598,380000.0
253,330000.0
103,350000.0
1447,350000.0
1445,256000.0
1650,160000.0
586,330000.0
627,458000.0
1700,190000.0
3465,320000.0
2105,165000.0
2203,360000.0
403,85000.0
1154,282000.0
2259,580000.0
3060,650000.0
1685,335000.0
3443,285000.0
3995,160000.0
2060,595000.0
3298,490000.0
4056,200000.0
3357,239000.0
452,225000.0
2305,345000.0
1327,250000.0
3158,200000.0
2053,195000.0
880,145000.0
4168,160000.0
623,135000.0
2439,250000.0
3934,150000.0
1791,300000.0
262,370000.0
1636,520000.0
3690,315000.0
1440,235000.0
2202,275000.0
1973,185000.0
2610,500000.0
1806,135000.0
640,160000.0
4277,165000.0
2427,120000.0
2702,170000.0
4035,195000.0
1963,210000.0
3196,159000.0
488,160000.0
1847,130000.0
1738,250000.0
3116,320000.0
3500,185000.0
146,600000.0
1536,175000.0
1990,440000.0
1370,260000.0
2519,400000.0
4194,130000.0
3226,245072.0
2986,150000.0
659,240000.0
1798,450000.0
3760,175000.0
2601,355000.0
3722,120000.0
186,180000.0
1147,240000.0
3563,340000.0
608,220000.0
2195,180000.0
2967,180000.0
1934,539994.0
3260,350000.0
197,220000.0
3139,295000.0
2342,180000.0
293,260000.0
766,292500.0
400,120000.0
122,100000.0
3541,527000.0
202,240000.0
3890,260000.0
835,420000.0
2298,275000.0
1441,165000.0
1737,120000.0
1699,185000.0
4181,365000.0
1711,290000.0
4163,180000.0
1153,240000.0
1663,150000.0
3845,177000.0
2497,185055.0
4005,640000.0
1763,350000.0
854,265000.0
1591,210000.0
2271,135000.0
641,285000.0
1,385000.0
2164,230000.0
698,105000.0
4195,352100.0
3223,130000.0
1638,350000.0
3458,200000.0
3824,250000.0
3823,160000.0
3980,175000.0
1291,130000.0
4072,230000.0
2568,150000.0
1522,380000.0
1857,185000.0
1136,173000.0
3606,512000.0
4145,395000.0
1633,329000.0
3809,205000.0
2002,265000.0
663,236000.0
683,335000.0
1257,150000.0
4024,165000.0
317,140000.0
648,365000.0
1436,340000.0
1481,375000.0
709,130000.0
3781,273000.0
1282,145000.0
1772,345000.0
972,240000.0
2797,300000.0
2806,650000.0
1306,240000.0
1401,275000.0
1409,370000.0
3596,300000.0
2241,250000.0
3604,440000.0
1498,165000.0
3758,180000.0
2042,320000.0
1531,250000.0
1665,480000.0
1355,240000.0
4177,120000.0
4206,175000.0
4038,150000.0
1645,330000.0
1051,350000.0
795,305000.0
2827,350000.0
3295,245000.0
1599,420000.0
2708,270000.0
2870,187000.0
2733,450000.0
1823,430000.0
3419,180000.0
3618,80000.0
1726,180000.0
1183,260000.0
2676,380000.0
1059,330000.0
540,553000.0
3525,205000.0
1680,220000.0
2964,270000.0
4123,597023.0
3850,335000.0
2625,390000.0
1761,280000.0
1927,99000.0
95,135000.0
1020,210000.0
563,356000.0
3615,450000.0
2958,125000.0
863,164740.0
4061,240000.0
1486,170000.0
3147,215000.0
4036,160000.0
1885,370000.0
1038,150000.0
206,350000.0
392,150000.0
3031,260000.0
870,380000.0
397,430000.0
2989,250000.0
4112,160000.0
3588,355000.0
1028,150000.0
2823,290000.0
1487,235000.0
2782,680000.0
960,95000.0
1572,380000.0
2936,270000.0
1899,315000.0
2874,220000.0
2150,198000.0
804,145000.0
1755,330000.0
4060,180000.0
2524,280000.0
502,360000.0
3372,190000.0
3353,400000.0
3199,395000.0
779,135000.0
1867,158000.0
200,550000.0
2186,170000.0
3343,165000.0
2092,340000.0
3302,250000.0
2282,365000.0
3953,160000.0
1800,300000.0
378,425000.0
2352,630000.0
418,450000.0
1702,150000.0
391,203000.0
2752,425000.0
1524,180000.0
1162,147000.0
3389,195000.0
1497,380000.0
2829,475000.0
2031,255000.0
1152,225000.0
1368,630000.0
2672,160000.0
64,130000.0
2066,350000.0
1180,220000.0
3365,450000.0
492,150000.0
379,300000.0
2239,235000.0
763,201000.0
2268,165000.0
791,250000.0
1076,220000.0
878,275840.0
337,235000.0
2927,340000.0
2367,110000.0
1016,285000.0
1275,170000.0
3917,165000.0
455,340000.0
3653,258000.0
815,185000.0
2328,175000.0
995,240000.0
1985,197000.0
201,200000.0
161,128000.0
1581,265000.0
2943,490000.0
2518,260000.0
702,285000.0
1502,260000.0
1129,190000.0
2719,485000.0
3828,175000.0
1021,140000.0
3311,239000.0
3825,408000.0
1587,205000.0
1959,280000.0
3412,250000.0
2257,210000.0
34,365000.0
775,220000.0
2654,300000.0
3878,560000.0
1480,395000.0
3228,320000.0
1391,80000.0
2143,255000.0
1364,255000.0
3160,280000.0
2718,255000.0
3755,240000.0
3004,250000.0
2045,180000.0
241,240000.0
2065,500000.0
2392,380000.0
600,572000.0
2501,244000.0
1297,135000.0
2218,187000.0
3088,430000.0
2072,180000.0
646,256000.0
3946,280000.0
3477,400000.0
1530,250000.0
3078,306748.0
1267,176000.0
4051,350000.0
1903,299000.0
562,465000.0
4239,170000.0
2879,340000.0
3232,210000.0
189,310000.0
1810,215000.0
975,435000.0
2896,180000.0
3935,392000.0
2051,339150.0
4192,195000.0
2656,255000.0
1082,280000.0
474,450000.0
4044,350000.0
3108,380000.0
747,370000.0
2304,219000.0
21,365000.0
3710,270000.0
459,110000.0
1184,160000.0
2336,222000.0
955,450000.0
1215,200000.0
2498,350000.0
3047,420000.0
3857,275000.0
1517,600000.0
2437,90000.0
769,550000.0
3701,250000.0
1689,360000.0
130,200000.0
4172,250000.0
3126,275000.0
3444,285380.0
3805,435000.0
2139,259000.0
1484,170000.0
330,165000.0
1238,180000.0
466,210000.0
2173,145000.0
1640,370000.0
3335,105000.0
4214,185000.0
1095,210000.0
1130,220000.0
1294,100000.0
860,273820.0
3886,520000.0
3448,412500.0
